"Date","Variable","Ensemble_Mean","Ensemble_Median","Ensemble_SD","N_Models","Ensemble_Lower","Ensemble_Upper"
2024-01-01,"prec",34.2597846241829,35.1253691879064,8.56885000579029,2,17.4648386128339,51.0547306355319
2024-01-01,"tavg",25.3861635457928,25.5327828572814,1.45145713169175,2,22.5413075676769,28.2310195239086
2024-02-01,"prec",66.2689361344313,68.7626603052994,24.6866098028149,2,17.883180920914,114.654691347949
2024-02-01,"tavg",26.3063810565801,26.4697898257362,1.61766428285927,2,23.1357590621759,29.4770030509842
2024-03-01,"prec",111.361634837797,116.764976218441,53.4903506384733,2,6.52054758638918,216.202722089204
2024-03-01,"tavg",27.936985244064,28.1020927003299,1.6344804273013,2,24.7334036065535,31.1405668815746
2024-04-01,"prec",221.786100201065,232.965860123117,110.673976740884,2,4.86510578893191,438.707094613198
2024-04-01,"tavg",28.4323863533528,28.5363432765427,1.02912103474416,2,26.4153091252543,30.4494635814514
2024-05-01,"prec",320.572822733884,334.224532345772,135.145030178976,2,55.688563583092,585.457081884677
2024-05-01,"tavg",28.8828731021767,28.8936764067235,0.106947258658861,2,28.6732564752054,29.0924897291481
2024-06-01,"prec",369.782274364828,370.049537208824,2.64576717088066,2,364.596570709902,374.967978019754
2024-06-01,"tavg",28.1394310064312,28.0921057419329,0.468496216275179,2,27.2211784225319,29.0576835903306
2024-07-01,"prec",326.802492727,314.776130059404,119.054916333717,2,93.4548567129147,560.150128741085
2024-07-01,"tavg",27.1510178267786,27.0340000002951,1.15841738076654,2,24.8805197604762,29.421515893081
2024-08-01,"prec",242.680351865465,226.779422489558,157.411169844211,2,-65.845541029188,551.206244760118
2024-08-01,"tavg",26.1146690826214,26.0021119592182,1.1142586732095,2,23.9307220831308,28.298616082112
2024-09-01,"prec",119.689111157462,110.214023075703,93.7985864893307,2,-64.1561183616258,303.534340676551
2024-09-01,"tavg",24.3432991660123,24.2620645365666,0.804181802875939,2,22.7671028323755,25.9194954996492
2024-10-01,"prec",59.8572491550509,55.9062116272278,39.1132760010479,2,-16.8047718070028,136.519270117105
2024-10-01,"tavg",23.8534819226828,23.8037287608477,0.492531173666959,2,22.8881208222955,24.81884302307
2024-11-01,"prec",29.5759822784773,28.708213098366,8.59047660465995,2,12.7386481333438,46.4133164236108
2024-11-01,"tavg",23.7670482407048,23.8060718937547,0.386314455776061,2,23.0098719073837,24.5242245740259
2024-12-01,"prec",32.0101787363349,32.1356192618195,1.24179784688092,2,29.5762549564483,34.4441025162215
2024-12-01,"tavg",23.8512443622734,23.9618893307164,1.09532930486326,2,21.7043989247414,25.9980897998054
2025-01-01,"prec",34.2487084637347,35.184958389062,9.26840139518096,2,16.08264172918,52.4147751982894
2025-01-01,"tavg",25.3382577493785,25.4984696261009,1.58601666239824,2,22.229665091078,28.4468504076791
2025-02-01,"prec",64.7527158731989,67.4916691814898,27.1142544070421,2,11.6087772353964,117.896654511001
2025-02-01,"tavg",26.3716450830373,26.5359185763269,1.6262246150401,2,23.1842448375587,29.5590453285159
2025-03-01,"prec",110.016454241115,115.643858858252,55.7084635136107,2,0.827865754438477,219.205042727792
2025-03-01,"tavg",28.0615558497939,28.2201597803054,1.57009880702493,2,24.9841621880251,31.1389495115628
2025-04-01,"prec",224.922033029685,235.765713635763,107.346961254108,2,14.5219889716334,435.322077087736
2025-04-01,"tavg",28.4250501982987,28.5389933731158,1.12797988216341,2,26.2142096292584,30.6358907673389
2025-05-01,"prec",326.145180983089,339.156258154622,128.80309257945,2,73.6911195273678,578.59924243881
2025-05-01,"tavg",28.9643058939604,28.9739993772937,0.095960589176295,2,28.7762231391749,29.1523886487459
2025-06-01,"prec",384.120151941745,382.651092428583,14.5429472121287,2,355.615975405973,412.624328477517
2025-06-01,"tavg",28.2121559016545,28.1648093044591,0.468707399201412,2,27.2934893992197,29.1308224040892
2025-07-01,"prec",324.046828664665,312.420836344831,115.091452103278,2,98.4675825422395,549.62607478709
2025-07-01,"tavg",27.1866672293537,27.0742625068001,1.11274998176992,2,25.0056772650846,29.3676571936227
2025-08-01,"prec",229.724860724263,215.499280080976,140.826063548578,2,-46.2942238309511,505.743945279476
2025-08-01,"tavg",26.2047323444694,26.0899865925885,1.13592498974271,2,23.9783193645737,28.4311453243651
2025-09-01,"prec",121.242435555429,111.629094263893,95.1672234394776,2,-65.2853223859474,307.770193496805
2025-09-01,"tavg",24.4372260525942,24.353319841579,0.830629111094837,2,22.8091929948483,26.0652591103401
2025-10-01,"prec",67.3779906604752,62.5427727844439,47.8662148811861,2,-26.4397905066496,161.1957718276
2025-10-01,"tavg",24.0076013922252,23.9476525759506,0.593463003165778,2,22.8444139060202,25.1707888784301
2025-11-01,"prec",30.0873907096803,29.2116078156385,8.66980832513843,2,13.094566392409,47.0802150269516
2025-11-01,"tavg",23.7756861228159,23.8226993198553,0.465406906045526,2,22.8634885869666,24.6878836586651
2025-12-01,"prec",31.8789880031682,32.0767397102685,1.95764202314596,2,28.0420096378021,35.7159663685343
2025-12-01,"tavg",24.0277370299611,24.1253896941965,0.966712055144981,2,22.132981401877,25.9224926580453
2026-01-01,"prec",34.8649240717928,35.7800593860827,9.05937741012773,2,17.1085443479425,52.6213037956432
2026-01-01,"tavg",25.4941568101723,25.6439505835488,1.48288270107665,2,22.587706716062,28.4006069042825
2026-02-01,"prec",68.0767761759602,70.4561342863759,23.5544435664457,2,21.9100667857267,114.243485566194
2026-02-01,"tavg",26.5913865425064,26.7372616326157,1.4440897159151,2,23.7609706993128,29.4218023857
2026-03-01,"prec",112.222558963837,117.630112830603,53.5320521235094,2,7.29973680175853,217.145381125915
2026-03-01,"tavg",28.1348356105291,28.293348850202,1.56920101352786,2,25.0592016240145,31.2104695970438
2026-04-01,"prec",225.609496067194,236.423156133554,107.049773073167,2,15.7919408437861,435.427051290602
2026-04-01,"tavg",28.5260903856732,28.6364728163218,1.09273031329706,2,26.384338971611,30.6678417997354
2026-05-01,"prec",327.088875035599,340.037902790538,128.188834694059,2,75.8387590352435,578.338991035954
2026-05-01,"tavg",28.8985664442916,28.9255466380868,0.267090291865053,2,28.3750694722361,29.4220634163471
2026-06-01,"prec",387.069840793778,385.287982514082,17.6394970176131,2,352.496426639257,421.6432549483
2026-06-01,"tavg",28.2481873107749,28.2054060666928,0.423512709172589,2,27.4181024007967,29.0782722207532
2026-07-01,"prec",333.657847326489,320.886390013898,126.430976999154,2,85.8531324081476,581.462562244831
2026-07-01,"tavg",27.1735478488697,27.07185232813,1.00673429263862,2,25.200348635298,29.1467470624414
2026-08-01,"prec",241.670504030317,226.007630313743,155.05453905001,2,-62.2363925077017,545.577400568336
2026-08-01,"tavg",26.1087331998068,26.015056620262,0.927350824882102,2,24.2911255830378,27.9263408165757
2026-09-01,"prec",133.039512163626,122.007448636036,109.211857031761,2,-81.0157276186246,347.094751945877
2026-09-01,"tavg",24.6624228421299,24.5594363116762,1.01951463676641,2,22.6641741540678,26.6606715301921
2026-10-01,"prec",61.3178590492763,57.2960699646147,39.8136806797272,2,-16.7169550829891,139.352673181542
2026-10-01,"tavg",23.9025389408742,23.8647922102719,0.373673568471457,2,23.1701387466702,24.6349391350783
2026-11-01,"prec",30.3456119554838,29.4934637456864,8.43583688813223,2,13.8113716547446,46.879852256223
2026-11-01,"tavg",23.7742951090779,23.8305514620879,0.556909481774699,2,22.6827525247995,24.8658376933563
2026-12-01,"prec",32.5738155893873,32.7406261881801,1.65134067812261,2,29.3371878602669,35.8104433185076
2026-12-01,"tavg",23.9731466740522,24.0866924120295,1.1240454581808,2,21.7700175760178,26.1762757720865
2027-01-01,"prec",27.7905792310769,27.7905792310769,NA,1,NA,NA
2027-01-01,"tavg",24.6978481514253,24.6978481514253,NA,1,NA,NA
2027-02-01,"prec",55.3310004674211,55.3310004674211,NA,1,NA,NA
2027-02-01,"tavg",25.7898304225051,25.7898304225051,NA,1,NA,NA
2027-03-01,"prec",83.5216258032351,83.5216258032351,NA,1,NA,NA
2027-03-01,"tavg",27.1565075195661,27.1565075195661,NA,1,NA,NA
2027-04-01,"prec",163.506117359282,163.506117359282,NA,1,NA,NA
2027-04-01,"tavg",27.7493226097585,27.7493226097585,NA,1,NA,NA
2027-05-01,"prec",250.656156580099,250.656156580099,NA,1,NA,NA
2027-05-01,"tavg",28.9006288495539,28.9006288495539,NA,1,NA,NA
2027-06-01,"prec",393.249038474403,393.249038474403,NA,1,NA,NA
2027-06-01,"tavg",28.9729892728204,28.9729892728204,NA,1,NA,NA
2027-07-01,"prec",421.656015820626,421.656015820626,NA,1,NA,NA
2027-07-01,"tavg",27.8563829882576,27.8563829882576,NA,1,NA,NA
2027-08-01,"prec",309.701291682956,309.701291682956,NA,1,NA,NA
2027-08-01,"tavg",26.6105600430878,26.6105600430878,NA,1,NA,NA
2027-09-01,"prec",198.551720879572,198.551720879572,NA,1,NA,NA
2027-09-01,"tavg",25.2691204311982,25.2691204311982,NA,1,NA,NA
2027-10-01,"prec",90.1329214763139,90.1329214763139,NA,1,NA,NA
2027-10-01,"tavg",24.1997769784417,24.1997769784417,NA,1,NA,NA
2027-11-01,"prec",37.3921621626977,37.3921621626977,NA,1,NA,NA
2027-11-01,"tavg",23.5345233776679,23.5345233776679,NA,1,NA,NA
2027-12-01,"prec",29.7159390376124,29.7159390376124,NA,1,NA,NA
2027-12-01,"tavg",23.3766154061777,23.3766154061777,NA,1,NA,NA
2028-01-01,"prec",29.1767362057996,29.1767362057996,NA,1,NA,NA
2028-01-01,"tavg",24.6070927519091,24.6070927519091,NA,1,NA,NA
2028-02-01,"prec",54.2990035139539,54.2990035139539,NA,1,NA,NA
2028-02-01,"tavg",25.5956509377189,25.5956509377189,NA,1,NA,NA
2028-03-01,"prec",84.7490453604268,84.7490453604268,NA,1,NA,NA
2028-03-01,"tavg",27.146538416774,27.146538416774,NA,1,NA,NA
2028-04-01,"prec",163.790492498631,163.790492498631,NA,1,NA,NA
2028-04-01,"tavg",27.9465054614112,27.9465054614112,NA,1,NA,NA
2028-05-01,"prec",259.468951702679,259.468951702679,NA,1,NA,NA
2028-05-01,"tavg",28.8215238484421,28.8215238484421,NA,1,NA,NA
2028-06-01,"prec",409.91709280634,409.91709280634,NA,1,NA,NA
2028-06-01,"tavg",28.6321479557069,28.6321479557069,NA,1,NA,NA
2028-07-01,"prec",409.925825133634,409.925825133634,NA,1,NA,NA
2028-07-01,"tavg",27.4939084278268,27.4939084278268,NA,1,NA,NA
2028-08-01,"prec",330.130775426836,330.130775426836,NA,1,NA,NA
2028-08-01,"tavg",26.5404283426791,26.5404283426791,NA,1,NA,NA
2028-09-01,"prec",208.175327182259,208.175327182259,NA,1,NA,NA
2028-09-01,"tavg",25.1896784269382,25.1896784269382,NA,1,NA,NA
2028-10-01,"prec",96.1575529671287,96.1575529671287,NA,1,NA,NA
2028-10-01,"tavg",24.5021146167337,24.5021146167337,NA,1,NA,NA
2028-11-01,"prec",36.9299171298404,36.9299171298404,NA,1,NA,NA
2028-11-01,"tavg",23.6947933273629,23.6947933273629,NA,1,NA,NA
2028-12-01,"prec",30.8012705116,30.8012705116,NA,1,NA,NA
2028-12-01,"tavg",23.7310168298368,23.7310168298368,NA,1,NA,NA
2029-01-01,"prec",28.9981358840021,28.9981358840021,NA,1,NA,NA
2029-01-01,"tavg",24.7280391166806,24.7280391166806,NA,1,NA,NA
2029-02-01,"prec",51.8846053043537,51.8846053043537,NA,1,NA,NA
2029-02-01,"tavg",25.7601680613597,25.7601680613597,NA,1,NA,NA
2029-03-01,"prec",80.8325966971398,80.8325966971398,NA,1,NA,NA
2029-03-01,"tavg",27.2491104730311,27.2491104730311,NA,1,NA,NA
2029-04-01,"prec",171.230036525501,171.230036525501,NA,1,NA,NA
2029-04-01,"tavg",28.0362753317311,28.0362753317311,NA,1,NA,NA
2029-05-01,"prec",254.526631946557,254.526631946557,NA,1,NA,NA
2029-05-01,"tavg",28.8518092165975,28.8518092165975,NA,1,NA,NA
2029-06-01,"prec",390.657032163233,390.657032163233,NA,1,NA,NA
2029-06-01,"tavg",28.7132664036612,28.7132664036612,NA,1,NA,NA
2029-07-01,"prec",424.704838912816,424.704838912816,NA,1,NA,NA
2029-07-01,"tavg",27.965575019933,27.965575019933,NA,1,NA,NA
2029-08-01,"prec",324.069597707768,324.069597707768,NA,1,NA,NA
2029-08-01,"tavg",26.8504957797106,26.8504957797106,NA,1,NA,NA
2029-09-01,"prec",204.039395195231,204.039395195231,NA,1,NA,NA
2029-09-01,"tavg",25.1725569286298,25.1725569286298,NA,1,NA,NA
2029-10-01,"prec",86.687100055004,86.687100055004,NA,1,NA,NA
2029-10-01,"tavg",24.4730572460086,24.4730572460086,NA,1,NA,NA
2029-11-01,"prec",40.2383551246759,40.2383551246759,NA,1,NA,NA
2029-11-01,"tavg",23.4595923612351,23.4595923612351,NA,1,NA,NA
2029-12-01,"prec",30.5842554970243,30.5842554970243,NA,1,NA,NA
2029-12-01,"tavg",23.5609673907913,23.5609673907913,NA,1,NA,NA
2030-01-01,"prec",28.2977557290143,28.2977557290143,NA,1,NA,NA
2030-01-01,"tavg",24.8509820037105,24.8509820037105,NA,1,NA,NA
2030-02-01,"prec",54.2231494619246,54.2231494619246,NA,1,NA,NA
2030-02-01,"tavg",25.7358360064418,25.7358360064418,NA,1,NA,NA
2030-03-01,"prec",83.6674194205749,83.6674194205749,NA,1,NA,NA
2030-03-01,"tavg",27.5987763162256,27.5987763162256,NA,1,NA,NA
2030-04-01,"prec",164.660067689349,164.660067689349,NA,1,NA,NA
2030-04-01,"tavg",27.9893698083043,27.9893698083043,NA,1,NA,NA
2030-05-01,"prec",270.939999327571,270.939999327571,NA,1,NA,NA
2030-05-01,"tavg",29.1169130914088,29.1169130914088,NA,1,NA,NA
2030-06-01,"prec",421.36139929049,421.36139929049,NA,1,NA,NA
2030-06-01,"tavg",28.8717584336525,28.8717584336525,NA,1,NA,NA
2030-07-01,"prec",418.284712421529,418.284712421529,NA,1,NA,NA
2030-07-01,"tavg",27.7963185427633,27.7963185427633,NA,1,NA,NA
2030-08-01,"prec",313.370361796449,313.370361796449,NA,1,NA,NA
2030-08-01,"tavg",26.7526417661676,26.7526417661676,NA,1,NA,NA
2030-09-01,"prec",200.867515883111,200.867515883111,NA,1,NA,NA
2030-09-01,"tavg",25.2492183324219,25.2492183324219,NA,1,NA,NA
2030-10-01,"prec",98.4422875900935,98.4422875900935,NA,1,NA,NA
2030-10-01,"tavg",24.4684831772906,24.4684831772906,NA,1,NA,NA
2030-11-01,"prec",42.636970835649,42.636970835649,NA,1,NA,NA
2030-11-01,"tavg",23.8196784379403,23.8196784379403,NA,1,NA,NA
2030-12-01,"prec",32.6653568343688,32.6653568343688,NA,1,NA,NA
2030-12-01,"tavg",23.7213122936451,23.7213122936451,NA,1,NA,NA
2031-01-01,"prec",30.844389490391,30.844389490391,NA,1,NA,NA
2031-01-01,"tavg",24.5714131716514,24.5714131716514,NA,1,NA,NA
2031-02-01,"prec",54.2307394954172,54.2307394954172,NA,1,NA,NA
2031-02-01,"tavg",25.9559836662754,25.9559836662754,NA,1,NA,NA
2031-03-01,"prec",80.6805805645806,80.6805805645806,NA,1,NA,NA
2031-03-01,"tavg",27.4812397501706,27.4812397501706,NA,1,NA,NA
2031-04-01,"prec",174.468512119088,174.468512119088,NA,1,NA,NA
2031-04-01,"tavg",28.0909541195273,28.0909541195273,NA,1,NA,NA
2031-05-01,"prec",269.732810030469,269.732810030469,NA,1,NA,NA
2031-05-01,"tavg",28.8950572988313,28.8950572988313,NA,1,NA,NA
2031-06-01,"prec",401.15966326464,401.15966326464,NA,1,NA,NA
2031-06-01,"tavg",28.7681616172111,28.7681616172111,NA,1,NA,NA
2031-07-01,"prec",422.018190689576,422.018190689576,NA,1,NA,NA
2031-07-01,"tavg",28.0046966691989,28.0046966691989,NA,1,NA,NA
2031-08-01,"prec",348.183514998948,348.183514998948,NA,1,NA,NA
2031-08-01,"tavg",26.7123151974146,26.7123151974146,NA,1,NA,NA
2031-09-01,"prec",175.7640481396,175.7640481396,NA,1,NA,NA
2031-09-01,"tavg",25.5400712128932,25.5400712128932,NA,1,NA,NA
2031-10-01,"prec",95.9214484405431,95.9214484405431,NA,1,NA,NA
2031-10-01,"tavg",24.5769579415104,24.5769579415104,NA,1,NA,NA
2031-11-01,"prec",39.7017146100354,39.7017146100354,NA,1,NA,NA
2031-11-01,"tavg",23.7556552307806,23.7556552307806,NA,1,NA,NA
2031-12-01,"prec",32.3116642020755,32.3116642020755,NA,1,NA,NA
2031-12-01,"tavg",23.7134395328871,23.7134395328871,NA,1,NA,NA
2032-01-01,"prec",30.2377051010712,30.2377051010712,NA,1,NA,NA
2032-01-01,"tavg",24.8058878111454,24.8058878111454,NA,1,NA,NA
2032-02-01,"prec",52.350852028627,52.350852028627,NA,1,NA,NA
2032-02-01,"tavg",26.0204303090458,26.0204303090458,NA,1,NA,NA
2032-03-01,"prec",86.4377726686297,86.4377726686297,NA,1,NA,NA
2032-03-01,"tavg",27.4060353015484,27.4060353015484,NA,1,NA,NA
2032-04-01,"prec",166.096240694619,166.096240694619,NA,1,NA,NA
2032-04-01,"tavg",28.1748046107503,28.1748046107503,NA,1,NA,NA
2032-05-01,"prec",261.72178901163,261.72178901163,NA,1,NA,NA
2032-05-01,"tavg",29.1711964036969,29.1711964036969,NA,1,NA,NA
2032-06-01,"prec",403.410131259357,403.410131259357,NA,1,NA,NA
2032-06-01,"tavg",28.7398697328839,28.7398697328839,NA,1,NA,NA
2032-07-01,"prec",401.610625958815,401.610625958815,NA,1,NA,NA
2032-07-01,"tavg",28.0339424288656,28.0339424288656,NA,1,NA,NA
2032-08-01,"prec",314.61815661951,314.61815661951,NA,1,NA,NA
2032-08-01,"tavg",26.9081064696683,26.9081064696683,NA,1,NA,NA
2032-09-01,"prec",204.935238543819,204.935238543819,NA,1,NA,NA
2032-09-01,"tavg",25.3993008843278,25.3993008843278,NA,1,NA,NA
2032-10-01,"prec",91.4737115184197,91.4737115184197,NA,1,NA,NA
2032-10-01,"tavg",24.5222869185871,24.5222869185871,NA,1,NA,NA
2032-11-01,"prec",39.1096254892537,39.1096254892537,NA,1,NA,NA
2032-11-01,"tavg",24.2358230034291,24.2358230034291,NA,1,NA,NA
2032-12-01,"prec",32.1641355665275,32.1641355665275,NA,1,NA,NA
2032-12-01,"tavg",23.8763706659996,23.8763706659996,NA,1,NA,NA
2033-01-01,"prec",30.9949545518898,30.9949545518898,NA,1,NA,NA
2033-01-01,"tavg",24.9541155218477,24.9541155218477,NA,1,NA,NA
2033-02-01,"prec",55.7425127506104,55.7425127506104,NA,1,NA,NA
2033-02-01,"tavg",25.9558509525273,25.9558509525273,NA,1,NA,NA
2033-03-01,"prec",85.1277105456937,85.1277105456937,NA,1,NA,NA
2033-03-01,"tavg",27.4482904000953,27.4482904000953,NA,1,NA,NA
2033-04-01,"prec",165.128918996563,165.128918996563,NA,1,NA,NA
2033-04-01,"tavg",28.4440125872127,28.4440125872127,NA,1,NA,NA
2033-05-01,"prec",259.499725708017,259.499725708017,NA,1,NA,NA
2033-05-01,"tavg",29.2134492145486,29.2134492145486,NA,1,NA,NA
2033-06-01,"prec",419.048314466268,419.048314466268,NA,1,NA,NA
2033-06-01,"tavg",28.8696827601278,28.8696827601278,NA,1,NA,NA
2033-07-01,"prec",476.423564863998,476.423564863998,NA,1,NA,NA
2033-07-01,"tavg",28.293569536086,28.293569536086,NA,1,NA,NA
2033-08-01,"prec",344.395589770095,344.395589770095,NA,1,NA,NA
2033-08-01,"tavg",27.0804033681664,27.0804033681664,NA,1,NA,NA
2033-09-01,"prec",177.630625764002,177.630625764002,NA,1,NA,NA
2033-09-01,"tavg",25.5567153093411,25.5567153093411,NA,1,NA,NA
2033-10-01,"prec",91.5661610100312,91.5661610100312,NA,1,NA,NA
2033-10-01,"tavg",24.7627257932893,24.7627257932893,NA,1,NA,NA
2033-11-01,"prec",38.1225824054553,38.1225824054553,NA,1,NA,NA
2033-11-01,"tavg",23.8559280433156,23.8559280433156,NA,1,NA,NA
2033-12-01,"prec",33.4789086490506,33.4789086490506,NA,1,NA,NA
2033-12-01,"tavg",23.9221287878823,23.9221287878823,NA,1,NA,NA
2034-01-01,"prec",31.17754838417,31.17754838417,NA,1,NA,NA
2034-01-01,"tavg",25.147155700191,25.147155700191,NA,1,NA,NA
2034-02-01,"prec",50.6776201788873,50.6776201788873,NA,1,NA,NA
2034-02-01,"tavg",26.1179195270895,26.1179195270895,NA,1,NA,NA
2034-03-01,"prec",85.1062424760974,85.1062424760974,NA,1,NA,NA
2034-03-01,"tavg",27.7103458331153,27.7103458331153,NA,1,NA,NA
2034-04-01,"prec",174.585483397499,174.585483397499,NA,1,NA,NA
2034-04-01,"tavg",28.1758069277565,28.1758069277565,NA,1,NA,NA
2034-05-01,"prec",269.96479797166,269.96479797166,NA,1,NA,NA
2034-05-01,"tavg",29.0190489261733,29.0190489261733,NA,1,NA,NA
2034-06-01,"prec",409.839033037124,409.839033037124,NA,1,NA,NA
2034-06-01,"tavg",28.9069217096536,28.9069217096536,NA,1,NA,NA
2034-07-01,"prec",438.019869304171,438.019869304171,NA,1,NA,NA
2034-07-01,"tavg",28.0871239353889,28.0871239353889,NA,1,NA,NA
2034-08-01,"prec",347.659639137584,347.659639137584,NA,1,NA,NA
2034-08-01,"tavg",27.1567589764404,27.1567589764404,NA,1,NA,NA
2034-09-01,"prec",194.545575797976,194.545575797976,NA,1,NA,NA
2034-09-01,"tavg",25.6891370771109,25.6891370771109,NA,1,NA,NA
2034-10-01,"prec",83.4550402597533,83.4550402597533,NA,1,NA,NA
2034-10-01,"tavg",24.8834301843018,24.8834301843018,NA,1,NA,NA
2034-11-01,"prec",40.7028538962695,40.7028538962695,NA,1,NA,NA
2034-11-01,"tavg",23.8922503973153,23.8922503973153,NA,1,NA,NA
2034-12-01,"prec",31.6071875910715,31.6071875910715,NA,1,NA,NA
2034-12-01,"tavg",23.9997640043726,23.9997640043726,NA,1,NA,NA
2035-01-01,"prec",31.6217256729716,31.6217256729716,NA,1,NA,NA
2035-01-01,"tavg",25.1413101414313,25.1413101414313,NA,1,NA,NA
2035-02-01,"prec",53.209078127812,53.209078127812,NA,1,NA,NA
2035-02-01,"tavg",26.0323208911814,26.0323208911813,NA,1,NA,NA
2035-03-01,"prec",88.6272675185204,88.6272675185204,NA,1,NA,NA
2035-03-01,"tavg",27.7665847613179,27.7665847613179,NA,1,NA,NA
2035-04-01,"prec",170.832995629742,170.832995629742,NA,1,NA,NA
2035-04-01,"tavg",28.3915169482137,28.3915169482137,NA,1,NA,NA
2035-05-01,"prec",262.258338560814,262.258338560814,NA,1,NA,NA
2035-05-01,"tavg",29.4352243113294,29.4352243113294,NA,1,NA,NA
2035-06-01,"prec",412.637608795622,412.637608795622,NA,1,NA,NA
2035-06-01,"tavg",28.9941019625986,28.9941019625986,NA,1,NA,NA
2035-07-01,"prec",450.284536711961,450.284536711961,NA,1,NA,NA
2035-07-01,"tavg",28.0924047229514,28.0924047229514,NA,1,NA,NA
2035-08-01,"prec",335.550628473594,335.550628473594,NA,1,NA,NA
2035-08-01,"tavg",27.0467562532081,27.0467562532081,NA,1,NA,NA
2035-09-01,"prec",206.295978508456,206.295978508456,NA,1,NA,NA
2035-09-01,"tavg",25.4866386232629,25.4866386232629,NA,1,NA,NA
2035-10-01,"prec",96.6466973786309,96.6466973786309,NA,1,NA,NA
2035-10-01,"tavg",24.9975425097621,24.9975425097621,NA,1,NA,NA
2035-11-01,"prec",43.5437792333947,43.5437792333947,NA,1,NA,NA
2035-11-01,"tavg",23.8913107781577,23.8913107781577,NA,1,NA,NA
2035-12-01,"prec",34.8284044633383,34.8284044633383,NA,1,NA,NA
2035-12-01,"tavg",24.1511161438214,24.1511161438214,NA,1,NA,NA
2036-01-01,"prec",32.5382180694361,32.5382180694361,NA,1,NA,NA
2036-01-01,"tavg",25.1482226500592,25.1482226500592,NA,1,NA,NA
2036-02-01,"prec",56.2640387110121,56.2640387110121,NA,1,NA,NA
2036-02-01,"tavg",26.0434436655548,26.0434436655548,NA,1,NA,NA
2036-03-01,"prec",84.3464197152117,84.3464197152117,NA,1,NA,NA
2036-03-01,"tavg",27.7111462235668,27.7111462235668,NA,1,NA,NA
2036-04-01,"prec",172.635112972027,172.635112972027,NA,1,NA,NA
2036-04-01,"tavg",28.504864806261,28.504864806261,NA,1,NA,NA
2036-05-01,"prec",274.707284709135,274.707284709135,NA,1,NA,NA
2036-05-01,"tavg",29.458709475594,29.458709475594,NA,1,NA,NA
2036-06-01,"prec",448.926539525453,448.926539525453,NA,1,NA,NA
2036-06-01,"tavg",28.9716192809219,28.9716192809219,NA,1,NA,NA
2036-07-01,"prec",427.670523053098,427.670523053098,NA,1,NA,NA
2036-07-01,"tavg",28.1227887253175,28.1227887253175,NA,1,NA,NA
2036-08-01,"prec",326.743113986583,326.743113986583,NA,1,NA,NA
2036-08-01,"tavg",27.1274838103885,27.1274838103885,NA,1,NA,NA
2036-09-01,"prec",204.993208010847,204.993208010847,NA,1,NA,NA
2036-09-01,"tavg",25.6838161768578,25.6838161768578,NA,1,NA,NA
2036-10-01,"prec",84.4503329743642,84.4503329743642,NA,1,NA,NA
2036-10-01,"tavg",24.7178628242809,24.7178628242809,NA,1,NA,NA
2036-11-01,"prec",44.1255226398578,44.1255226398578,NA,1,NA,NA
2036-11-01,"tavg",24.1329841841058,24.1329841841058,NA,1,NA,NA
2036-12-01,"prec",35.8893015564729,35.8893015564729,NA,1,NA,NA
2036-12-01,"tavg",24.3023008781586,24.3023008781586,NA,1,NA,NA
2037-01-01,"prec",31.8441244479419,31.8441244479419,NA,1,NA,NA
2037-01-01,"tavg",24.9798131432296,24.9798131432296,NA,1,NA,NA
2037-02-01,"prec",58.6804752386668,58.6804752386668,NA,1,NA,NA
2037-02-01,"tavg",26.0547770494283,26.0547770494283,NA,1,NA,NA
2037-03-01,"prec",87.2395721680447,87.2395721680447,NA,1,NA,NA
2037-03-01,"tavg",27.6523153555384,27.6523153555384,NA,1,NA,NA
2037-04-01,"prec",174.773619046202,174.773619046202,NA,1,NA,NA
2037-04-01,"tavg",28.5742349711924,28.5742349711924,NA,1,NA,NA
2037-05-01,"prec",261.354369052727,261.354369052727,NA,1,NA,NA
2037-05-01,"tavg",29.2791428499033,29.2791428499033,NA,1,NA,NA
2037-06-01,"prec",384.629276269588,384.629276269588,NA,1,NA,NA
2037-06-01,"tavg",29.0409818323355,29.0409818323354,NA,1,NA,NA
2037-07-01,"prec",426.732313553837,426.732313553837,NA,1,NA,NA
2037-07-01,"tavg",28.1882997272968,28.1882997272968,NA,1,NA,NA
2037-08-01,"prec",356.961779960748,356.961779960748,NA,1,NA,NA
2037-08-01,"tavg",26.9867680974683,26.9867680974683,NA,1,NA,NA
2037-09-01,"prec",213.561232711754,213.561232711754,NA,1,NA,NA
2037-09-01,"tavg",25.7607617246246,25.7607617246246,NA,1,NA,NA
2037-10-01,"prec",90.4245617452221,90.4245617452221,NA,1,NA,NA
2037-10-01,"tavg",24.7415064456101,24.7415064456101,NA,1,NA,NA
2037-11-01,"prec",41.3876555127037,41.3876555127037,NA,1,NA,NA
2037-11-01,"tavg",24.0754881937573,24.0754881937573,NA,1,NA,NA
2037-12-01,"prec",34.9399043372722,34.9399043372722,NA,1,NA,NA
2037-12-01,"tavg",24.0238187920347,24.0238187920347,NA,1,NA,NA
2038-01-01,"prec",34.1254549862842,34.1254549862842,NA,1,NA,NA
2038-01-01,"tavg",25.0441939901629,25.0441939901629,NA,1,NA,NA
2038-02-01,"prec",55.287528215239,55.287528215239,NA,1,NA,NA
2038-02-01,"tavg",26.1759089823433,26.1759089823433,NA,1,NA,NA
2038-03-01,"prec",86.5019864777213,86.5019864777213,NA,1,NA,NA
2038-03-01,"tavg",27.7862143151172,27.7862143151172,NA,1,NA,NA
2038-04-01,"prec",176.212026818758,176.212026818758,NA,1,NA,NA
2038-04-01,"tavg",28.4936682569092,28.4936682569092,NA,1,NA,NA
2038-05-01,"prec",269.265102451928,269.265102451928,NA,1,NA,NA
2038-05-01,"tavg",29.4957697047335,29.4957697047335,NA,1,NA,NA
2038-06-01,"prec",399.929697063588,399.929697063588,NA,1,NA,NA
2038-06-01,"tavg",29.1700213938702,29.1700213938702,NA,1,NA,NA
2038-07-01,"prec",441.505053658829,441.505053658829,NA,1,NA,NA
2038-07-01,"tavg",28.1461394575289,28.1461394575289,NA,1,NA,NA
2038-08-01,"prec",309.433341556458,309.433341556458,NA,1,NA,NA
2038-08-01,"tavg",27.2357249844408,27.2357249844408,NA,1,NA,NA
2038-09-01,"prec",219.721477610603,219.721477610603,NA,1,NA,NA
2038-09-01,"tavg",25.7364706125283,25.7364706125283,NA,1,NA,NA
2038-10-01,"prec",102.595623912836,102.595623912836,NA,1,NA,NA
2038-10-01,"tavg",24.7704800571437,24.7704800571437,NA,1,NA,NA
2038-11-01,"prec",42.9308365538021,42.9308365538021,NA,1,NA,NA
2038-11-01,"tavg",24.4776744230298,24.4776744230298,NA,1,NA,NA
2038-12-01,"prec",34.1492294020788,34.1492294020788,NA,1,NA,NA
2038-12-01,"tavg",24.1267326420191,24.1267326420191,NA,1,NA,NA
2039-01-01,"prec",33.7916843089543,33.7916843089543,NA,1,NA,NA
2039-01-01,"tavg",25.2930132275529,25.2930132275529,NA,1,NA,NA
2039-02-01,"prec",58.8585191103551,58.8585191103551,NA,1,NA,NA
2039-02-01,"tavg",26.2641298572771,26.2641298572771,NA,1,NA,NA
2039-03-01,"prec",88.5914175398313,88.5914175398313,NA,1,NA,NA
2039-03-01,"tavg",27.7822888400545,27.7822888400545,NA,1,NA,NA
2039-04-01,"prec",178.190345332647,178.190345332648,NA,1,NA,NA
2039-04-01,"tavg",28.6006403614752,28.6006403614752,NA,1,NA,NA
2039-05-01,"prec",266.337062232693,266.337062232693,NA,1,NA,NA
2039-05-01,"tavg",29.5284295262748,29.5284295262748,NA,1,NA,NA
2039-06-01,"prec",412.56827068829,412.568270688289,NA,1,NA,NA
2039-06-01,"tavg",29.3115297596458,29.3115297596458,NA,1,NA,NA
2039-07-01,"prec",448.966824835493,448.966824835493,NA,1,NA,NA
2039-07-01,"tavg",28.5869484077013,28.5869484077013,NA,1,NA,NA
2039-08-01,"prec",334.45059271563,334.45059271563,NA,1,NA,NA
2039-08-01,"tavg",27.4451325118228,27.4451325118228,NA,1,NA,NA
2039-09-01,"prec",206.560036076867,206.560036076867,NA,1,NA,NA
2039-09-01,"tavg",25.8123375351562,25.8123375351562,NA,1,NA,NA
2039-10-01,"prec",106.409103450394,106.409103450394,NA,1,NA,NA
2039-10-01,"tavg",25.0869818576555,25.0869818576555,NA,1,NA,NA
2039-11-01,"prec",43.0964328738654,43.0964328738654,NA,1,NA,NA
2039-11-01,"tavg",24.0393267556746,24.0393267556746,NA,1,NA,NA
2039-12-01,"prec",34.0494452222856,34.0494452222856,NA,1,NA,NA
2039-12-01,"tavg",24.481972792442,24.481972792442,NA,1,NA,NA
2040-01-01,"prec",33.7159037356124,33.7159037356124,NA,1,NA,NA
2040-01-01,"tavg",25.4070794436041,25.4070794436041,NA,1,NA,NA
2040-02-01,"prec",59.0649388332736,59.0649388332736,NA,1,NA,NA
2040-02-01,"tavg",26.2578842883424,26.2578842883424,NA,1,NA,NA
2040-03-01,"prec",88.9154240421621,88.9154240421621,NA,1,NA,NA
2040-03-01,"tavg",27.9120564776478,27.9120564776478,NA,1,NA,NA
2040-04-01,"prec",180.610089895179,180.610089895179,NA,1,NA,NA
2040-04-01,"tavg",28.7244845615037,28.7244845615037,NA,1,NA,NA
2040-05-01,"prec",284.99123292473,284.99123292473,NA,1,NA,NA
2040-05-01,"tavg",29.4355993931315,29.4355993931315,NA,1,NA,NA
2040-06-01,"prec",404.769045241998,404.769045241998,NA,1,NA,NA
2040-06-01,"tavg",29.2529649451738,29.2529649451738,NA,1,NA,NA
2040-07-01,"prec",438.733647598172,438.733647598172,NA,1,NA,NA
2040-07-01,"tavg",28.2918896092331,28.2918896092331,NA,1,NA,NA
2040-08-01,"prec",344.299205572389,344.299205572389,NA,1,NA,NA
2040-08-01,"tavg",27.598734807026,27.598734807026,NA,1,NA,NA
2040-09-01,"prec",220.911974861208,220.911974861208,NA,1,NA,NA
2040-09-01,"tavg",25.6147241655237,25.6147241655237,NA,1,NA,NA
2040-10-01,"prec",106.96822398567,106.96822398567,NA,1,NA,NA
2040-10-01,"tavg",24.9330425258008,24.9330425258008,NA,1,NA,NA
2040-11-01,"prec",46.4093707884352,46.4093707884352,NA,1,NA,NA
2040-11-01,"tavg",24.808206757311,24.808206757311,NA,1,NA,NA
2040-12-01,"prec",34.0241338341874,34.0241338341874,NA,1,NA,NA
2040-12-01,"tavg",24.2917807200202,24.2917807200202,NA,1,NA,NA
2041-01-01,"prec",33.1894355285195,33.1894355285195,NA,1,NA,NA
2041-01-01,"tavg",25.444833171237,25.444833171237,NA,1,NA,NA
2041-02-01,"prec",59.1308898899185,59.1308898899185,NA,1,NA,NA
2041-02-01,"tavg",26.3962083638744,26.3962083638744,NA,1,NA,NA
2041-03-01,"prec",87.7001761165257,87.7001761165258,NA,1,NA,NA
2041-03-01,"tavg",27.7903644153545,27.7903644153545,NA,1,NA,NA
2041-04-01,"prec",178.714477360589,178.714477360589,NA,1,NA,NA
2041-04-01,"tavg",28.5363394181569,28.5363394181569,NA,1,NA,NA
2041-05-01,"prec",272.569038476129,272.569038476129,NA,1,NA,NA
2041-05-01,"tavg",29.4230933114847,29.4230933114847,NA,1,NA,NA
2041-06-01,"prec",405.520464939944,405.520464939944,NA,1,NA,NA
2041-06-01,"tavg",29.3495647024056,29.3495647024056,NA,1,NA,NA
2041-07-01,"prec",462.332064401811,462.332064401811,NA,1,NA,NA
2041-07-01,"tavg",28.5842687455612,28.5842687455612,NA,1,NA,NA
2041-08-01,"prec",354.068292066915,354.068292066915,NA,1,NA,NA
2041-08-01,"tavg",27.5683675065709,27.5683675065709,NA,1,NA,NA
2041-09-01,"prec",204.283339472902,204.283339472902,NA,1,NA,NA
2041-09-01,"tavg",25.9367857171456,25.9367857171456,NA,1,NA,NA
2041-10-01,"prec",106.546836495678,106.546836495678,NA,1,NA,NA
2041-10-01,"tavg",25.1674438349202,25.1674438349202,NA,1,NA,NA
2041-11-01,"prec",40.7212642763962,40.7212642763962,NA,1,NA,NA
2041-11-01,"tavg",24.5103402074578,24.5103402074578,NA,1,NA,NA
2041-12-01,"prec",36.799300470738,36.799300470738,NA,1,NA,NA
2041-12-01,"tavg",24.3389088195419,24.3389088195419,NA,1,NA,NA
2042-01-01,"prec",34.8977708219315,34.8977708219315,NA,1,NA,NA
2042-01-01,"tavg",25.1482204177678,25.1482204177678,NA,1,NA,NA
2042-02-01,"prec",57.2045834377726,57.2045834377726,NA,1,NA,NA
2042-02-01,"tavg",26.5583255260484,26.5583255260484,NA,1,NA,NA
2042-03-01,"prec",89.0480771463231,89.0480771463231,NA,1,NA,NA
2042-03-01,"tavg",27.8823655950137,27.8823655950137,NA,1,NA,NA
2042-04-01,"prec",189.52990250873,189.52990250873,NA,1,NA,NA
2042-04-01,"tavg",28.6231696487471,28.6231696487471,NA,1,NA,NA
2042-05-01,"prec",277.620628480897,277.620628480897,NA,1,NA,NA
2042-05-01,"tavg",29.5775630954535,29.5775630954535,NA,1,NA,NA
2042-06-01,"prec",434.674041817626,434.674041817626,NA,1,NA,NA
2042-06-01,"tavg",29.425737828618,29.425737828618,NA,1,NA,NA
2042-07-01,"prec",507.660593680456,507.660593680456,NA,1,NA,NA
2042-07-01,"tavg",28.6587717120895,28.6587717120895,NA,1,NA,NA
2042-08-01,"prec",363.987957431944,363.987957431944,NA,1,NA,NA
2042-08-01,"tavg",27.5103386214369,27.5103386214369,NA,1,NA,NA
2042-09-01,"prec",201.670131925827,201.670131925827,NA,1,NA,NA
2042-09-01,"tavg",25.9782283469,25.9782283469,NA,1,NA,NA
2042-10-01,"prec",112.793831751808,112.793831751808,NA,1,NA,NA
2042-10-01,"tavg",25.0832236006984,25.0832236006984,NA,1,NA,NA
2042-11-01,"prec",44.6443708912165,44.6443708912166,NA,1,NA,NA
2042-11-01,"tavg",24.381544286817,24.381544286817,NA,1,NA,NA
2042-12-01,"prec",34.6864161362163,34.6864161362163,NA,1,NA,NA
2042-12-01,"tavg",24.4763035379793,24.4763035379793,NA,1,NA,NA
2043-01-01,"prec",34.3147234354866,34.3147234354866,NA,1,NA,NA
2043-01-01,"tavg",25.5428372601964,25.5428372601964,NA,1,NA,NA
2043-02-01,"prec",59.921686267341,59.921686267341,NA,1,NA,NA
2043-02-01,"tavg",26.3854379951572,26.3854379951572,NA,1,NA,NA
2043-03-01,"prec",92.9793244876332,92.9793244876332,NA,1,NA,NA
2043-03-01,"tavg",28.0743636249257,28.0743636249257,NA,1,NA,NA
2043-04-01,"prec",187.081273079467,187.081273079467,NA,1,NA,NA
2043-04-01,"tavg",28.7250573237458,28.7250573237458,NA,1,NA,NA
2043-05-01,"prec",277.42724069435,277.42724069435,NA,1,NA,NA
2043-05-01,"tavg",29.5593742274113,29.5593742274113,NA,1,NA,NA
2043-06-01,"prec",432.320769728939,432.320769728939,NA,1,NA,NA
2043-06-01,"tavg",29.2962297951321,29.2962297951321,NA,1,NA,NA
2043-07-01,"prec",457.548054696483,457.548054696483,NA,1,NA,NA
2043-07-01,"tavg",28.5648107907322,28.5648107907322,NA,1,NA,NA
2043-08-01,"prec",349.69556331723,349.69556331723,NA,1,NA,NA
2043-08-01,"tavg",27.502547647902,27.502547647902,NA,1,NA,NA
2043-09-01,"prec",217.892581774985,217.892581774985,NA,1,NA,NA
2043-09-01,"tavg",26.2569005903899,26.2569005903899,NA,1,NA,NA
2043-10-01,"prec",102.870789712799,102.870789712799,NA,1,NA,NA
2043-10-01,"tavg",25.064698036332,25.064698036332,NA,1,NA,NA
2043-11-01,"prec",46.9043181983871,46.9043181983871,NA,1,NA,NA
2043-11-01,"tavg",24.4371791912772,24.4371791912772,NA,1,NA,NA
2043-12-01,"prec",34.6918014780711,34.6918014780711,NA,1,NA,NA
2043-12-01,"tavg",24.4950549910444,24.4950549910444,NA,1,NA,NA
2044-01-01,"prec",34.7286459104474,34.7286459104474,NA,1,NA,NA
2044-01-01,"tavg",25.5353191050956,25.5353191050956,NA,1,NA,NA
2044-02-01,"prec",62.5374351926151,62.5374351926151,NA,1,NA,NA
2044-02-01,"tavg",26.4140160132287,26.4140160132287,NA,1,NA,NA
2044-03-01,"prec",94.9268042434247,94.9268042434247,NA,1,NA,NA
2044-03-01,"tavg",27.9501133282845,27.9501133282845,NA,1,NA,NA
2044-04-01,"prec",191.62158291769,191.62158291769,NA,1,NA,NA
2044-04-01,"tavg",28.6696009633386,28.6696009633386,NA,1,NA,NA
2044-05-01,"prec",275.994335264504,275.994335264504,NA,1,NA,NA
2044-05-01,"tavg",30.0752426364733,30.0752426364733,NA,1,NA,NA
2044-06-01,"prec",425.445616444137,425.445616444137,NA,1,NA,NA
2044-06-01,"tavg",29.4759002244965,29.4759002244965,NA,1,NA,NA
2044-07-01,"prec",463.063040517172,463.063040517172,NA,1,NA,NA
2044-07-01,"tavg",28.9617140905531,28.9617140905531,NA,1,NA,NA
2044-08-01,"prec",375.662191071597,375.662191071597,NA,1,NA,NA
2044-08-01,"tavg",27.660103110563,27.660103110563,NA,1,NA,NA
2044-09-01,"prec",220.776297729686,220.776297729686,NA,1,NA,NA
2044-09-01,"tavg",26.0356356842399,26.0356356842399,NA,1,NA,NA
2044-10-01,"prec",107.197979347489,107.197979347489,NA,1,NA,NA
2044-10-01,"tavg",25.2620363651924,25.2620363651924,NA,1,NA,NA
2044-11-01,"prec",45.3450406046498,45.3450406046498,NA,1,NA,NA
2044-11-01,"tavg",24.3343710269644,24.3343710269644,NA,1,NA,NA
2044-12-01,"prec",34.6822716727255,34.6822716727255,NA,1,NA,NA
2044-12-01,"tavg",24.5137323312957,24.5137323312957,NA,1,NA,NA
2045-01-01,"prec",35.0397664031246,35.0397664031246,NA,1,NA,NA
2045-01-01,"tavg",25.6505238678214,25.6505238678214,NA,1,NA,NA
2045-02-01,"prec",61.4141685912112,61.4141685912112,NA,1,NA,NA
2045-02-01,"tavg",26.4668077557739,26.4668077557739,NA,1,NA,NA
2045-03-01,"prec",95.0179096811829,95.0179096811829,NA,1,NA,NA
2045-03-01,"tavg",28.0182550784918,28.0182550784918,NA,1,NA,NA
2045-04-01,"prec",193.27685828884,193.27685828884,NA,1,NA,NA
2045-04-01,"tavg",29.0577061885175,29.0577061885175,NA,1,NA,NA
2045-05-01,"prec",291.694876582564,291.694876582564,NA,1,NA,NA
2045-05-01,"tavg",29.861732063713,29.861732063713,NA,1,NA,NA
2045-06-01,"prec",409.888679362609,409.888679362609,NA,1,NA,NA
2045-06-01,"tavg",29.411312283614,29.411312283614,NA,1,NA,NA
2045-07-01,"prec",441.316544641341,441.316544641341,NA,1,NA,NA
2045-07-01,"tavg",28.7857310759152,28.7857310759152,NA,1,NA,NA
2045-08-01,"prec",376.089576333981,376.089576333981,NA,1,NA,NA
2045-08-01,"tavg",27.8237194033282,27.8237194033282,NA,1,NA,NA
2045-09-01,"prec",231.435819454963,231.435819454963,NA,1,NA,NA
2045-09-01,"tavg",26.1558203650171,26.1558203650171,NA,1,NA,NA
2045-10-01,"prec",100.883280938117,100.883280938117,NA,1,NA,NA
2045-10-01,"tavg",25.5096718046818,25.5096718046818,NA,1,NA,NA
2045-11-01,"prec",42.5257377938694,42.5257377938694,NA,1,NA,NA
2045-11-01,"tavg",24.7887828053791,24.7887828053791,NA,1,NA,NA
2045-12-01,"prec",36.6725128304598,36.6725128304598,NA,1,NA,NA
2045-12-01,"tavg",24.5085725207346,24.5085725207346,NA,1,NA,NA
2046-01-01,"prec",35.6512368009178,35.6512368009178,NA,1,NA,NA
2046-01-01,"tavg",25.5163750867135,25.5163750867135,NA,1,NA,NA
2046-02-01,"prec",60.0595280984384,60.0595280984384,NA,1,NA,NA
2046-02-01,"tavg",26.733816600305,26.733816600305,NA,1,NA,NA
2046-03-01,"prec",95.9494237624854,95.9494237624854,NA,1,NA,NA
2046-03-01,"tavg",28.1943221459978,28.1943221459978,NA,1,NA,NA
2046-04-01,"prec",187.02171086045,187.02171086045,NA,1,NA,NA
2046-04-01,"tavg",28.9550005265527,28.9550005265527,NA,1,NA,NA
2046-05-01,"prec",285.914579466894,285.914579466894,NA,1,NA,NA
2046-05-01,"tavg",30.1329464820581,30.1329464820581,NA,1,NA,NA
2046-06-01,"prec",430.134331915597,430.134331915597,NA,1,NA,NA
2046-06-01,"tavg",29.5274029845332,29.5274029845332,NA,1,NA,NA
2046-07-01,"prec",434.702845281912,434.702845281912,NA,1,NA,NA
2046-07-01,"tavg",28.7523478019095,28.7523478019095,NA,1,NA,NA
2046-08-01,"prec",365.32866710412,365.32866710412,NA,1,NA,NA
2046-08-01,"tavg",27.5339209892234,27.5339209892234,NA,1,NA,NA
2046-09-01,"prec",213.8178537787,213.8178537787,NA,1,NA,NA
2046-09-01,"tavg",26.1900549238478,26.1900549238478,NA,1,NA,NA
2046-10-01,"prec",104.633960675421,104.633960675421,NA,1,NA,NA
2046-10-01,"tavg",25.4564954655333,25.4564954655333,NA,1,NA,NA
2046-11-01,"prec",44.863337234728,44.863337234728,NA,1,NA,NA
2046-11-01,"tavg",24.6061491212166,24.6061491212166,NA,1,NA,NA
2046-12-01,"prec",37.8772363047423,37.8772363047423,NA,1,NA,NA
2046-12-01,"tavg",24.6267227774729,24.6267227774729,NA,1,NA,NA
2047-01-01,"prec",37.3384126082829,37.3384126082829,NA,1,NA,NA
2047-01-01,"tavg",25.6341818035673,25.6341818035673,NA,1,NA,NA
2047-02-01,"prec",62.8196238273972,62.8196238273972,NA,1,NA,NA
2047-02-01,"tavg",26.4401624867849,26.4401624867849,NA,1,NA,NA
2047-03-01,"prec",95.3702321472021,95.3702321472021,NA,1,NA,NA
2047-03-01,"tavg",28.0148519301502,28.0148519301502,NA,1,NA,NA
2047-04-01,"prec",182.942379513721,182.942379513721,NA,1,NA,NA
2047-04-01,"tavg",29.0867575516208,29.0867575516208,NA,1,NA,NA
2047-05-01,"prec",282.577300803367,282.577300803367,NA,1,NA,NA
2047-05-01,"tavg",29.7775798016618,29.7775798016618,NA,1,NA,NA
2047-06-01,"prec",463.647319603086,463.647319603086,NA,1,NA,NA
2047-06-01,"tavg",29.649127435984,29.649127435984,NA,1,NA,NA
2047-07-01,"prec",474.628116418725,474.628116418725,NA,1,NA,NA
2047-07-01,"tavg",28.8860508795377,28.8860508795377,NA,1,NA,NA
2047-08-01,"prec",358.95614019989,358.95614019989,NA,1,NA,NA
2047-08-01,"tavg",27.6885248177417,27.6885248177417,NA,1,NA,NA
2047-09-01,"prec",237.201142764607,237.201142764607,NA,1,NA,NA
2047-09-01,"tavg",26.3258802259761,26.3258802259761,NA,1,NA,NA
2047-10-01,"prec",103.470175565578,103.470175565578,NA,1,NA,NA
2047-10-01,"tavg",25.4185938707748,25.4185938707748,NA,1,NA,NA
2047-11-01,"prec",43.9955656344926,43.9955656344926,NA,1,NA,NA
2047-11-01,"tavg",24.5999235077398,24.5999235077398,NA,1,NA,NA
2047-12-01,"prec",38.3319795408423,38.3319795408423,NA,1,NA,NA
2047-12-01,"tavg",24.5567990687978,24.5567990687978,NA,1,NA,NA
2048-01-01,"prec",37.7231486733369,37.7231486733369,NA,1,NA,NA
2048-01-01,"tavg",25.6124001224076,25.6124001224076,NA,1,NA,NA
2048-02-01,"prec",64.0600414412774,64.0600414412774,NA,1,NA,NA
2048-02-01,"tavg",26.9040819982807,26.9040819982807,NA,1,NA,NA
2048-03-01,"prec",95.3082919112101,95.3082919112101,NA,1,NA,NA
2048-03-01,"tavg",28.1504423540184,28.1504423540184,NA,1,NA,NA
2048-04-01,"prec",194.324714205557,194.324714205557,NA,1,NA,NA
2048-04-01,"tavg",29.1328389585578,29.1328389585578,NA,1,NA,NA
2048-05-01,"prec",285.455044169972,285.455044169972,NA,1,NA,NA
2048-05-01,"tavg",30.1046303850227,30.1046303850227,NA,1,NA,NA
2048-06-01,"prec",430.349514644468,430.349514644468,NA,1,NA,NA
2048-06-01,"tavg",29.7451753226801,29.7451753226801,NA,1,NA,NA
2048-07-01,"prec",492.317614686087,492.317614686087,NA,1,NA,NA
2048-07-01,"tavg",28.9583780590581,28.9583780590581,NA,1,NA,NA
2048-08-01,"prec",360.760103515879,360.760103515879,NA,1,NA,NA
2048-08-01,"tavg",27.8661140923828,27.8661140923828,NA,1,NA,NA
2048-09-01,"prec",219.585178686349,219.585178686349,NA,1,NA,NA
2048-09-01,"tavg",26.1743784030567,26.1743784030567,NA,1,NA,NA
2048-10-01,"prec",105.246399749102,105.246399749102,NA,1,NA,NA
2048-10-01,"tavg",25.325856276438,25.325856276438,NA,1,NA,NA
2048-11-01,"prec",46.7414640067384,46.7414640067384,NA,1,NA,NA
2048-11-01,"tavg",24.9331535319989,24.9331535319989,NA,1,NA,NA
2048-12-01,"prec",39.4140360994722,39.4140360994722,NA,1,NA,NA
2048-12-01,"tavg",24.6444186978466,24.6444186978466,NA,1,NA,NA
2049-01-01,"prec",37.7068446141698,37.7068446141698,NA,1,NA,NA
2049-01-01,"tavg",25.668627142234,25.668627142234,NA,1,NA,NA
2049-02-01,"prec",60.2180409573891,60.2180409573891,NA,1,NA,NA
2049-02-01,"tavg",26.7096448357821,26.7096448357821,NA,1,NA,NA
2049-03-01,"prec",95.8497058824752,95.8497058824752,NA,1,NA,NA
2049-03-01,"tavg",28.3324851042599,28.3324851042599,NA,1,NA,NA
2049-04-01,"prec",190.054706630474,190.054706630474,NA,1,NA,NA
2049-04-01,"tavg",29.0808995418758,29.0808995418758,NA,1,NA,NA
2049-05-01,"prec",291.08016966508,291.08016966508,NA,1,NA,NA
2049-05-01,"tavg",30.1767058513619,30.1767058513619,NA,1,NA,NA
2049-06-01,"prec",441.056258717204,441.056258717204,NA,1,NA,NA
2049-06-01,"tavg",29.7484878138197,29.7484878138197,NA,1,NA,NA
2049-07-01,"prec",483.533818444854,483.533818444854,NA,1,NA,NA
2049-07-01,"tavg",28.9310298255565,28.9310298255565,NA,1,NA,NA
2049-08-01,"prec",399.4023451058,399.4023451058,NA,1,NA,NA
2049-08-01,"tavg",27.9793106594121,27.9793106594121,NA,1,NA,NA
2049-09-01,"prec",204.854709297302,204.854709297302,NA,1,NA,NA
2049-09-01,"tavg",26.3193828016202,26.3193828016202,NA,1,NA,NA
2049-10-01,"prec",112.95764214228,112.95764214228,NA,1,NA,NA
2049-10-01,"tavg",25.6422946908468,25.6422946908468,NA,1,NA,NA
2049-11-01,"prec",47.4104218184363,47.4104218184363,NA,1,NA,NA
2049-11-01,"tavg",24.8152155076906,24.8152155076906,NA,1,NA,NA
2049-12-01,"prec",38.8496562606445,38.8496562606445,NA,1,NA,NA
2049-12-01,"tavg",24.7747459578961,24.7747459578961,NA,1,NA,NA
2050-01-01,"prec",38.2175300681436,38.2175300681436,NA,1,NA,NA
2050-01-01,"tavg",25.8420820235219,25.8420820235219,NA,1,NA,NA
2050-02-01,"prec",65.6798128895995,65.6798128895995,NA,1,NA,NA
2050-02-01,"tavg",26.8945484375263,26.8945484375263,NA,1,NA,NA
2050-03-01,"prec",98.3322971690048,98.3322971690048,NA,1,NA,NA
2050-03-01,"tavg",28.5193921095391,28.5193921095391,NA,1,NA,NA
2050-04-01,"prec",196.51357221938,196.51357221938,NA,1,NA,NA
2050-04-01,"tavg",29.1785959617934,29.1785959617934,NA,1,NA,NA
2050-05-01,"prec",299.474855508793,299.474855508793,NA,1,NA,NA
2050-05-01,"tavg",30.2205696382897,30.2205696382897,NA,1,NA,NA
2050-06-01,"prec",443.105155156004,443.105155156004,NA,1,NA,NA
2050-06-01,"tavg",29.5513676821084,29.5513676821084,NA,1,NA,NA
2050-07-01,"prec",487.773909923058,487.773909923057,NA,1,NA,NA
2050-07-01,"tavg",29.0819535879768,29.0819535879768,NA,1,NA,NA
2050-08-01,"prec",368.726718340765,368.726718340765,NA,1,NA,NA
2050-08-01,"tavg",28.0865210844262,28.0865210844262,NA,1,NA,NA
2050-09-01,"prec",235.488982643559,235.488982643559,NA,1,NA,NA
2050-09-01,"tavg",26.3198321928798,26.3198321928798,NA,1,NA,NA
2050-10-01,"prec",105.917616101484,105.917616101484,NA,1,NA,NA
2050-10-01,"tavg",25.4399839802417,25.4399839802417,NA,1,NA,NA
2050-11-01,"prec",52.861509358305,52.861509358305,NA,1,NA,NA
2050-11-01,"tavg",25.1293626686072,25.1293626686072,NA,1,NA,NA
2050-12-01,"prec",40.4804231740458,40.4804231740458,NA,1,NA,NA
2050-12-01,"tavg",24.8028318749952,24.8028318749952,NA,1,NA,NA
2051-01-01,"prec",37.1837591851374,37.1837591851374,NA,1,NA,NA
2051-01-01,"tavg",26.0598656559571,26.0598656559571,NA,1,NA,NA
2051-02-01,"prec",63.5950738954938,63.5950738954938,NA,1,NA,NA
2051-02-01,"tavg",26.7954537809036,26.7954537809036,NA,1,NA,NA
2051-03-01,"prec",100.569434797565,100.569434797565,NA,1,NA,NA
2051-03-01,"tavg",28.2936267702459,28.2936267702459,NA,1,NA,NA
2051-04-01,"prec",198.244506534747,198.244506534747,NA,1,NA,NA
2051-04-01,"tavg",29.2357183547842,29.2357183547842,NA,1,NA,NA
2051-05-01,"prec",294.109527732779,294.109527732779,NA,1,NA,NA
2051-05-01,"tavg",30.1449182036555,30.1449182036555,NA,1,NA,NA
2051-06-01,"prec",448.586009684597,448.586009684597,NA,1,NA,NA
2051-06-01,"tavg",29.8154009606765,29.8154009606765,NA,1,NA,NA
2051-07-01,"prec",469.150762682209,469.150762682209,NA,1,NA,NA
2051-07-01,"tavg",29.2297375095612,29.2297375095612,NA,1,NA,NA
2051-08-01,"prec",383.168288620175,383.168288620175,NA,1,NA,NA
2051-08-01,"tavg",27.8690685200414,27.8690685200414,NA,1,NA,NA
2051-09-01,"prec",234.446209329357,234.446209329357,NA,1,NA,NA
2051-09-01,"tavg",26.5982744485727,26.5982744485727,NA,1,NA,NA
2051-10-01,"prec",109.317954257795,109.317954257795,NA,1,NA,NA
2051-10-01,"tavg",25.4538548625526,25.4538548625526,NA,1,NA,NA
2051-11-01,"prec",46.2573212409505,46.2573212409505,NA,1,NA,NA
2051-11-01,"tavg",24.7160769486561,24.7160769486561,NA,1,NA,NA
2051-12-01,"prec",39.0657299164943,39.0657299164943,NA,1,NA,NA
2051-12-01,"tavg",24.8882254891192,24.8882254891192,NA,1,NA,NA
2052-01-01,"prec",38.1021536706393,38.1021536706393,NA,1,NA,NA
2052-01-01,"tavg",25.9114284202754,25.9114284202754,NA,1,NA,NA
2052-02-01,"prec",66.1413974748526,66.1413974748526,NA,1,NA,NA
2052-02-01,"tavg",26.8563918673993,26.8563918673993,NA,1,NA,NA
2052-03-01,"prec",98.2716907230444,98.2716907230444,NA,1,NA,NA
2052-03-01,"tavg",28.5275317362189,28.5275317362189,NA,1,NA,NA
2052-04-01,"prec",196.144486864818,196.144486864818,NA,1,NA,NA
2052-04-01,"tavg",29.3437876746201,29.3437876746201,NA,1,NA,NA
2052-05-01,"prec",302.877318593954,302.877318593954,NA,1,NA,NA
2052-05-01,"tavg",30.2827795561997,30.2827795561997,NA,1,NA,NA
2052-06-01,"prec",461.407270521049,461.407270521049,NA,1,NA,NA
2052-06-01,"tavg",29.9755327061259,29.9755327061259,NA,1,NA,NA
2052-07-01,"prec",488.789214910245,488.789214910245,NA,1,NA,NA
2052-07-01,"tavg",29.1232615289418,29.1232615289418,NA,1,NA,NA
2052-08-01,"prec",374.267999929668,374.267999929668,NA,1,NA,NA
2052-08-01,"tavg",28.327778884094,28.327778884094,NA,1,NA,NA
2052-09-01,"prec",235.65729365049,235.65729365049,NA,1,NA,NA
2052-09-01,"tavg",26.6380913505997,26.6380913505997,NA,1,NA,NA
2052-10-01,"prec",105.866717537897,105.866717537897,NA,1,NA,NA
2052-10-01,"tavg",25.7077488109614,25.7077488109614,NA,1,NA,NA
2052-11-01,"prec",48.5834809071408,48.5834809071408,NA,1,NA,NA
2052-11-01,"tavg",24.9449593287351,24.9449593287351,NA,1,NA,NA
2052-12-01,"prec",38.2591015399268,38.2591015399268,NA,1,NA,NA
2052-12-01,"tavg",24.9015301244096,24.9015301244096,NA,1,NA,NA
2053-01-01,"prec",36.9924690682966,36.9924690682966,NA,1,NA,NA
2053-01-01,"tavg",25.7666668498401,25.7666668498401,NA,1,NA,NA
2053-02-01,"prec",65.8043974978945,65.8043974978945,NA,1,NA,NA
2053-02-01,"tavg",26.9980088481981,26.9980088481981,NA,1,NA,NA
2053-03-01,"prec",103.392807396846,103.392807396846,NA,1,NA,NA
2053-03-01,"tavg",28.6821644961121,28.6821644961121,NA,1,NA,NA
2053-04-01,"prec",199.627566402821,199.627566402821,NA,1,NA,NA
2053-04-01,"tavg",29.3983253644843,29.3983253644843,NA,1,NA,NA
2053-05-01,"prec",307.28990750405,307.28990750405,NA,1,NA,NA
2053-05-01,"tavg",30.2439384640992,30.2439384640992,NA,1,NA,NA
2053-06-01,"prec",482.264018110594,482.264018110594,NA,1,NA,NA
2053-06-01,"tavg",30.108046872304,30.108046872304,NA,1,NA,NA
2053-07-01,"prec",483.19331634893,483.19331634893,NA,1,NA,NA
2053-07-01,"tavg",29.2684850774806,29.2684850774806,NA,1,NA,NA
2053-08-01,"prec",393.767230093743,393.767230093743,NA,1,NA,NA
2053-08-01,"tavg",28.1867501424714,28.1867501424714,NA,1,NA,NA
2053-09-01,"prec",234.059808629367,234.059808629367,NA,1,NA,NA
2053-09-01,"tavg",26.5185934446193,26.5185934446193,NA,1,NA,NA
2053-10-01,"prec",119.159959647786,119.159959647786,NA,1,NA,NA
2053-10-01,"tavg",25.7368138847989,25.7368138847989,NA,1,NA,NA
2053-11-01,"prec",47.120074799772,47.120074799772,NA,1,NA,NA
2053-11-01,"tavg",25.095615901355,25.095615901355,NA,1,NA,NA
2053-12-01,"prec",41.2722888686136,41.2722888686136,NA,1,NA,NA
2053-12-01,"tavg",25.0483676808955,25.0483676808955,NA,1,NA,NA
