"Date","Variable","Ensemble_Mean","Ensemble_Median","Ensemble_SD","N_Models","Ensemble_Lower","Ensemble_Upper"
2024-01-01,"prec",33.1348186834427,34.1410239897587,9.96092433506758,2,13.6114069867102,52.6582303801751
2024-01-01,"tavg",25.2799567456948,25.4398519071957,1.5828813416672,2,22.1775093160271,28.3824041753625
2024-02-01,"prec",65.9132199840119,68.4514086736825,25.1267860815583,2,16.6647192641576,115.161720703866
2024-02-01,"tavg",26.3125025324762,26.4751461171453,1.61008934290448,2,23.1567274203834,29.468277644569
2024-03-01,"prec",110.322231805533,115.855498565211,54.7765462703473,2,2.96020111565261,217.684262495414
2024-03-01,"tavg",27.9258230938499,28.0923258188925,1.64829288349215,2,24.6951690422053,31.1564771454945
2024-04-01,"prec",224.033894009569,234.932679705558,107.892473812655,2,12.5646453367667,435.503142682372
2024-04-01,"tavg",28.4059153017037,28.5131811063497,1.06187728996514,2,26.324635813372,30.4871947900353
2024-05-01,"prec",325.258555127472,338.324548190161,129.346732165896,2,71.7389600823154,578.778150172628
2024-05-01,"tavg",28.7385293932928,28.76737566145,0.285563485562462,2,28.1788249615903,29.2982338249952
2024-06-01,"prec",377.689547363136,376.968401082344,7.13898395526448,2,363.697138810818,391.681955915455
2024-06-01,"tavg",28.0554854984318,28.0186534224334,0.364618949851297,2,27.3408323567233,28.7701386401404
2024-07-01,"prec",321.121843021855,309.805561567402,112.025470959624,2,101.551919940992,540.691766102718
2024-07-01,"tavg",26.9802106712304,26.8845437391904,0.947054309330759,2,25.1239842249421,28.8364371175187
2024-08-01,"prec",238.955321445479,223.52002087207,152.801679871538,2,-60.5359711027359,538.446613993693
2024-08-01,"tavg",26.0261907723297,25.9246934377129,1.00477235011788,2,24.0568369660986,27.9955445785607
2024-09-01,"prec",125.303565353204,115.126670496976,100.746119099653,2,-72.1588280821164,322.765958788524
2024-09-01,"tavg",24.4696768421536,24.3726450031901,0.960566198508518,2,22.5869670930769,26.3523865912302
2024-10-01,"prec",65.5463818465275,60.8842027322698,46.1532185351708,2,-24.9139264824073,156.006690175462
2024-10-01,"tavg",24.0225313897027,23.9516470444901,0.701719216517037,2,22.6471617253293,25.3979010540761
2024-11-01,"prec",31.9888792760929,30.8194979712796,11.5762843059676,2,9.2993620363965,54.6783965157893
2024-11-01,"tavg",23.6972095867288,23.7449630715258,0.472735380952905,2,22.7706482400611,24.6237709333965
2024-12-01,"prec",30.4557139180284,30.7754625458013,3.16534992162665,2,24.2516280716401,36.6597997644166
2024-12-01,"tavg",23.9035333211342,24.0076421697196,1.03062501942785,2,21.8835082830556,25.9235583592128
2025-01-01,"prec",33.8463104091393,34.832860091291,9.76634358317717,2,14.704276986112,52.9883438321665
2025-01-01,"tavg",25.3173466028044,25.4801723728486,1.61189288610184,2,22.1580365460448,28.476656659564
2025-02-01,"prec",67.0945269046096,69.5407538339742,24.2164111010482,2,19.6303611465551,114.558692662664
2025-02-01,"tavg",26.5095048713769,26.6565458911241,1.45563183046139,2,23.6564664836726,29.3625432590812
2025-03-01,"prec",112.437038210016,117.76186983104,52.7131436706391,2,9.11927661556331,215.754799804468
2025-03-01,"tavg",27.9530701360589,28.1252347807872,1.7043430287518,2,24.6125577997054,31.2935824724124
2025-04-01,"prec",227.595871106085,238.105321952613,104.038255441777,2,23.6808904402011,431.510851771969
2025-04-01,"tavg",28.5924205711832,28.6854424493898,0.920869612299726,2,26.7875161310758,30.3973250112907
2025-05-01,"prec",323.463784844971,336.810036533768,132.121151015994,2,64.5063288536234,582.421240836318
2025-05-01,"tavg",28.8292000668777,28.8557817785963,0.263145520565306,2,28.3134348465697,29.3449652871857
2025-06-01,"prec",363.458791915406,364.572402405536,11.0241814084036,2,341.851396354935,385.066187475877
2025-06-01,"tavg",28.1719115689672,28.1295955133577,0.41890757824332,2,27.3508527156103,28.9929704223241
2025-07-01,"prec",339.062923832131,325.559919616364,133.672921863029,2,77.0639969805935,601.061850683668
2025-07-01,"tavg",27.0069071357388,26.9169724248872,0.89030821470181,2,25.2619030349233,28.7519112365544
2025-08-01,"prec",232.983510209665,218.350598380703,144.858436558695,2,-50.9390254453777,516.906045864708
2025-08-01,"tavg",26.0431686809126,25.9486183869763,0.936000156077591,2,24.2086083750006,27.8777289868247
2025-09-01,"prec",139.240628579922,127.377513160324,117.438851028744,2,-90.9395194364158,369.420776596259
2025-09-01,"tavg",24.4908828843071,24.4002695693278,0.897026052826871,2,22.7327118207664,26.2490539478477
2025-10-01,"prec",60.8347508039962,56.8174379100248,39.7693686526549,2,-17.1132117552074,138.7827133632
2025-10-01,"tavg",23.9589578834329,23.9050895057574,0.533269732042269,2,22.9137492086301,25.0041665582358
2025-11-01,"prec",31.1007436705252,30.0982916563777,9.92376863824896,2,11.6501571395572,50.5513302014932
2025-11-01,"tavg",23.6984918235304,23.7551543079805,0.560929977909483,2,22.5990690668278,24.797914580233
2025-12-01,"prec",32.6727145498294,32.7712504385971,0.975455531930045,2,30.7608217072465,34.5846073924123
2025-12-01,"tavg",23.9901351054493,24.0924880102487,1.01324206280893,2,22.0041806623438,25.9760895485548
2026-01-01,"prec",34.8630351803443,35.7784066060653,9.061714794044,2,17.1020741840181,52.6239961766705
2026-01-01,"tavg",25.3862397027073,25.5495231145169,1.61642330844206,2,22.2180500181609,28.5544293872537
2026-02-01,"prec",66.149034420718,68.769360250539,25.9399022845851,2,15.3068259429313,116.991242898505
2026-02-01,"tavg",26.3636283678583,26.5379732297986,1.7259260780027,2,22.980813254973,29.7464434807436
2026-03-01,"prec",114.239791476664,119.395191279327,51.0358542426715,2,14.2095171610282,214.270065792301
2026-03-01,"tavg",28.0646555608746,28.2319413067543,1.65604439430369,2,24.8188085480393,31.3105025737098
2026-04-01,"prec",226.078902280154,236.833886569893,106.468912519616,2,17.3998337417062,434.757970818601
2026-04-01,"tavg",28.4685014805768,28.5860825243625,1.16399294759793,2,26.1870753032848,30.7499276578687
2026-05-01,"prec",330.615987507531,343.124126203478,123.824255686965,2,87.9204463610798,573.311528653982
2026-05-01,"tavg",28.9365175652082,28.9587538688889,0.220128175695925,2,28.5050663408442,29.3679687895722
2026-06-01,"prec",376.013146049166,375.613374612546,3.95753531261913,2,368.256376836432,383.769915261899
2026-06-01,"tavg",28.2913983646292,28.2432157388154,0.476983660277148,2,27.356510390486,29.2262863387725
2026-07-01,"prec",325.526857832215,313.771774206407,116.369390833127,2,97.4428517992856,553.610863865144
2026-07-01,"tavg",27.1540045829847,27.0547519704806,0.982550734929447,2,25.228205142523,29.0798040234464
2026-08-01,"prec",234.60755280467,219.827547991302,146.314582813031,2,-52.1690295088704,521.38413511821
2026-08-01,"tavg",26.1478744228372,26.0493051904137,0.975785617282419,2,24.2353346129637,28.0604142327107
2026-09-01,"prec",135.631400077733,124.275350560879,112.419154692007,2,-84.7101431185996,355.972943274066
2026-09-01,"tavg",24.5638664407398,24.4731994604598,0.89755731219988,2,22.804654108828,26.3230787726516
2026-10-01,"prec",67.8929465159769,63.0492714979777,47.9499363152749,2,-26.0889286619619,161.874821693916
2026-10-01,"tavg",23.9491018963469,23.9055347963105,0.431292286213414,2,23.1037690153686,24.7944347773252
2026-11-01,"prec",31.4861366663183,30.4914228676665,9.84716421313048,2,12.1856948085825,50.786578524054
2026-11-01,"tavg",23.9208597421878,23.9587955160591,0.375545001355004,2,23.184791539532,24.6569279448436
2026-12-01,"prec",32.934481138869,33.0562085439766,1.20503983050952,2,30.5726030710703,35.2963592066676
2026-12-01,"tavg",24.1585201065826,24.2488941654937,0.894657538591138,2,22.404991330944,25.9120488822212
2027-01-01,"prec",28.0124547526383,28.0124547526383,NA,1,NA,NA
2027-01-01,"tavg",24.6325211111927,24.6325211111927,NA,1,NA,NA
2027-02-01,"prec",50.042813497163,50.042813497163,NA,1,NA,NA
2027-02-01,"tavg",25.6581382134151,25.6581382134151,NA,1,NA,NA
2027-03-01,"prec",80.1980710192804,80.1980710192804,NA,1,NA,NA
2027-03-01,"tavg",27.1697713324105,27.1697713324105,NA,1,NA,NA
2027-04-01,"prec",161.49560251406,161.49560251406,NA,1,NA,NA
2027-04-01,"tavg",27.9648934328781,27.9648934328781,NA,1,NA,NA
2027-05-01,"prec",258.928190559627,258.928190559627,NA,1,NA,NA
2027-05-01,"tavg",28.7650141090971,28.7650141090971,NA,1,NA,NA
2027-06-01,"prec",365.27606496699,365.27606496699,NA,1,NA,NA
2027-06-01,"tavg",28.5609269357159,28.5609269357159,NA,1,NA,NA
2027-07-01,"prec",383.838950098699,383.838950098699,NA,1,NA,NA
2027-07-01,"tavg",27.9390846034591,27.9390846034591,NA,1,NA,NA
2027-08-01,"prec",317.850949172867,317.850949172867,NA,1,NA,NA
2027-08-01,"tavg",26.7990250769887,26.7990250769887,NA,1,NA,NA
2027-09-01,"prec",210.500745639549,210.500745639549,NA,1,NA,NA
2027-09-01,"tavg",25.0272969408656,25.0272969408656,NA,1,NA,NA
2027-10-01,"prec",89.2436297447213,89.2436297447213,NA,1,NA,NA
2027-10-01,"tavg",24.2065873371123,24.2065873371123,NA,1,NA,NA
2027-11-01,"prec",39.5972190266582,39.5972190266582,NA,1,NA,NA
2027-11-01,"tavg",23.6014440606467,23.6014440606467,NA,1,NA,NA
2027-12-01,"prec",29.7073251973603,29.7073251973603,NA,1,NA,NA
2027-12-01,"tavg",23.6229045197906,23.6229045197906,NA,1,NA,NA
2028-01-01,"prec",29.5617120586743,29.5617120586743,NA,1,NA,NA
2028-01-01,"tavg",24.7349346378939,24.7349346378939,NA,1,NA,NA
2028-02-01,"prec",50.8934405344373,50.8934405344373,NA,1,NA,NA
2028-02-01,"tavg",25.7487965204265,25.7487965204265,NA,1,NA,NA
2028-03-01,"prec",81.7840996931556,81.7840996931556,NA,1,NA,NA
2028-03-01,"tavg",27.1877542080773,27.1877542080773,NA,1,NA,NA
2028-04-01,"prec",168.13722086992,168.13722086992,NA,1,NA,NA
2028-04-01,"tavg",27.8219259543346,27.8219259543346,NA,1,NA,NA
2028-05-01,"prec",242.872806785021,242.872806785021,NA,1,NA,NA
2028-05-01,"tavg",28.8919698795976,28.8919698795976,NA,1,NA,NA
2028-06-01,"prec",377.534166391208,377.534166391208,NA,1,NA,NA
2028-06-01,"tavg",28.5596699626308,28.5596699626308,NA,1,NA,NA
2028-07-01,"prec",423.259503916417,423.259503916417,NA,1,NA,NA
2028-07-01,"tavg",27.7328369046972,27.7328369046972,NA,1,NA,NA
2028-08-01,"prec",306.622998543803,306.622998543803,NA,1,NA,NA
2028-08-01,"tavg",26.6728425069685,26.6728425069685,NA,1,NA,NA
2028-09-01,"prec",166.972158842971,166.972158842971,NA,1,NA,NA
2028-09-01,"tavg",25.3230585437242,25.3230585437242,NA,1,NA,NA
2028-10-01,"prec",84.2599474391495,84.2599474391495,NA,1,NA,NA
2028-10-01,"tavg",24.4115858066622,24.4115858066622,NA,1,NA,NA
2028-11-01,"prec",40.5466137741086,40.5466137741086,NA,1,NA,NA
2028-11-01,"tavg",23.8777603927884,23.8777603927884,NA,1,NA,NA
2028-12-01,"prec",31.8218242005997,31.8218242005997,NA,1,NA,NA
2028-12-01,"tavg",23.5865363919544,23.5865363919544,NA,1,NA,NA
2029-01-01,"prec",29.5964762042561,29.5964762042561,NA,1,NA,NA
2029-01-01,"tavg",24.5630386511629,24.5630386511629,NA,1,NA,NA
2029-02-01,"prec",53.9027449975919,53.9027449975919,NA,1,NA,NA
2029-02-01,"tavg",25.700813992842,25.700813992842,NA,1,NA,NA
2029-03-01,"prec",83.7320670944068,83.7320670944068,NA,1,NA,NA
2029-03-01,"tavg",27.3281149643104,27.3281149643104,NA,1,NA,NA
2029-04-01,"prec",167.812193263707,167.812193263707,NA,1,NA,NA
2029-04-01,"tavg",27.9795165918469,27.9795165918469,NA,1,NA,NA
2029-05-01,"prec",253.598835909751,253.598835909751,NA,1,NA,NA
2029-05-01,"tavg",29.0033881139569,29.0033881139569,NA,1,NA,NA
2029-06-01,"prec",384.775374803683,384.775374803683,NA,1,NA,NA
2029-06-01,"tavg",28.6828980479205,28.6828980479205,NA,1,NA,NA
2029-07-01,"prec",415.89682314303,415.89682314303,NA,1,NA,NA
2029-07-01,"tavg",27.8650197101302,27.8650197101302,NA,1,NA,NA
2029-08-01,"prec",333.124398979349,333.124398979349,NA,1,NA,NA
2029-08-01,"tavg",26.670389645487,26.670389645487,NA,1,NA,NA
2029-09-01,"prec",171.737675376101,171.737675376101,NA,1,NA,NA
2029-09-01,"tavg",25.0418910939352,25.0418910939352,NA,1,NA,NA
2029-10-01,"prec",102.398647451893,102.398647451893,NA,1,NA,NA
2029-10-01,"tavg",24.5765516008777,24.5765516008777,NA,1,NA,NA
2029-11-01,"prec",38.9632135147119,38.9632135147119,NA,1,NA,NA
2029-11-01,"tavg",23.9317456560688,23.9317456560688,NA,1,NA,NA
2029-12-01,"prec",31.4569846575707,31.4569846575707,NA,1,NA,NA
2029-12-01,"tavg",23.7483193667798,23.7483193667798,NA,1,NA,NA
2030-01-01,"prec",32.070939441453,32.070939441453,NA,1,NA,NA
2030-01-01,"tavg",24.7455987047679,24.7455987047679,NA,1,NA,NA
2030-02-01,"prec",53.438865561645,53.438865561645,NA,1,NA,NA
2030-02-01,"tavg",25.5751083332432,25.5751083332432,NA,1,NA,NA
2030-03-01,"prec",83.4928723248966,83.4928723248966,NA,1,NA,NA
2030-03-01,"tavg",27.3642521047357,27.3642521047357,NA,1,NA,NA
2030-04-01,"prec",168.483943590155,168.483943590155,NA,1,NA,NA
2030-04-01,"tavg",28.3374682026192,28.3374682026192,NA,1,NA,NA
2030-05-01,"prec",267.215709801949,267.215709801949,NA,1,NA,NA
2030-05-01,"tavg",29.0431018186264,29.0431018186264,NA,1,NA,NA
2030-06-01,"prec",389.156721884387,389.156721884387,NA,1,NA,NA
2030-06-01,"tavg",28.7901523320226,28.7901523320226,NA,1,NA,NA
2030-07-01,"prec",390.731955563971,390.731955563971,NA,1,NA,NA
2030-07-01,"tavg",28.160763258296,28.160763258296,NA,1,NA,NA
2030-08-01,"prec",342.887641855263,342.887641855263,NA,1,NA,NA
2030-08-01,"tavg",26.8728352152886,26.8728352152886,NA,1,NA,NA
2030-09-01,"prec",200.838791777028,200.838791777028,NA,1,NA,NA
2030-09-01,"tavg",25.4404498299972,25.4404498299972,NA,1,NA,NA
2030-10-01,"prec",89.1286919832434,89.1286919832434,NA,1,NA,NA
2030-10-01,"tavg",24.4534225101117,24.4534225101117,NA,1,NA,NA
2030-11-01,"prec",40.4268993426661,40.4268993426661,NA,1,NA,NA
2030-11-01,"tavg",23.9104600057986,23.9104600057986,NA,1,NA,NA
2030-12-01,"prec",32.0329641035827,32.0329641035827,NA,1,NA,NA
2030-12-01,"tavg",23.8421025448246,23.8421025448246,NA,1,NA,NA
2031-01-01,"prec",29.6599127355388,29.6599127355388,NA,1,NA,NA
2031-01-01,"tavg",24.885429091981,24.885429091981,NA,1,NA,NA
2031-02-01,"prec",51.8183703385079,51.8183703385079,NA,1,NA,NA
2031-02-01,"tavg",25.9384218140083,25.9384218140083,NA,1,NA,NA
2031-03-01,"prec",82.6598310724185,82.6598310724185,NA,1,NA,NA
2031-03-01,"tavg",27.3613028897674,27.3613028897674,NA,1,NA,NA
2031-04-01,"prec",166.565086599043,166.565086599043,NA,1,NA,NA
2031-04-01,"tavg",28.2410630997811,28.2410630997811,NA,1,NA,NA
2031-05-01,"prec",259.63888972998,259.63888972998,NA,1,NA,NA
2031-05-01,"tavg",29.0498149487677,29.0498149487677,NA,1,NA,NA
2031-06-01,"prec",409.250269984485,409.250269984485,NA,1,NA,NA
2031-06-01,"tavg",28.7758095171005,28.7758095171005,NA,1,NA,NA
2031-07-01,"prec",408.441737722496,408.441737722496,NA,1,NA,NA
2031-07-01,"tavg",28.017760326234,28.017760326234,NA,1,NA,NA
2031-08-01,"prec",326.933920139111,326.933920139111,NA,1,NA,NA
2031-08-01,"tavg",26.8988274797585,26.8988274797585,NA,1,NA,NA
2031-09-01,"prec",175.443687253805,175.443687253805,NA,1,NA,NA
2031-09-01,"tavg",25.3649271647738,25.3649271647738,NA,1,NA,NA
2031-10-01,"prec",91.2489415690355,91.2489415690355,NA,1,NA,NA
2031-10-01,"tavg",24.4543663193252,24.4543663193252,NA,1,NA,NA
2031-11-01,"prec",36.5306580375824,36.5306580375824,NA,1,NA,NA
2031-11-01,"tavg",23.7626067804198,23.7626067804198,NA,1,NA,NA
2031-12-01,"prec",32.4430551157367,32.4430551157367,NA,1,NA,NA
2031-12-01,"tavg",23.9561821579306,23.9561821579306,NA,1,NA,NA
2032-01-01,"prec",31.3352272266643,31.3352272266643,NA,1,NA,NA
2032-01-01,"tavg",24.984487969825,24.984487969825,NA,1,NA,NA
2032-02-01,"prec",55.7775287040204,55.7775287040204,NA,1,NA,NA
2032-02-01,"tavg",25.7126697354022,25.7126697354022,NA,1,NA,NA
2032-03-01,"prec",80.7541035981995,80.7541035981995,NA,1,NA,NA
2032-03-01,"tavg",27.6268618776688,27.6268618776688,NA,1,NA,NA
2032-04-01,"prec",172.731809142325,172.731809142325,NA,1,NA,NA
2032-04-01,"tavg",28.2767517552064,28.2767517552064,NA,1,NA,NA
2032-05-01,"prec",262.501817313679,262.501817313679,NA,1,NA,NA
2032-05-01,"tavg",29.1372259724497,29.1372259724497,NA,1,NA,NA
2032-06-01,"prec",405.077297146548,405.077297146548,NA,1,NA,NA
2032-06-01,"tavg",28.8415383245227,28.8415383245227,NA,1,NA,NA
2032-07-01,"prec",420.912512394933,420.912512394933,NA,1,NA,NA
2032-07-01,"tavg",28.0885468321209,28.0885468321209,NA,1,NA,NA
2032-08-01,"prec",318.268180297704,318.268180297704,NA,1,NA,NA
2032-08-01,"tavg",26.9696212556312,26.9696212556312,NA,1,NA,NA
2032-09-01,"prec",213.11667792717,213.11667792717,NA,1,NA,NA
2032-09-01,"tavg",25.5287712854958,25.5287712854958,NA,1,NA,NA
2032-10-01,"prec",90.037284079201,90.037284079201,NA,1,NA,NA
2032-10-01,"tavg",24.5534836952404,24.5534836952404,NA,1,NA,NA
2032-11-01,"prec",40.4010297045616,40.4010297045616,NA,1,NA,NA
2032-11-01,"tavg",23.7888620646648,23.7888620646648,NA,1,NA,NA
2032-12-01,"prec",34.146646902783,34.146646902783,NA,1,NA,NA
2032-12-01,"tavg",23.9197111834965,23.9197111834965,NA,1,NA,NA
2033-01-01,"prec",31.1335529709574,31.1335529709574,NA,1,NA,NA
2033-01-01,"tavg",24.9288282105941,24.9288282105941,NA,1,NA,NA
2033-02-01,"prec",54.0416846441277,54.0416846441277,NA,1,NA,NA
2033-02-01,"tavg",26.1885204405644,26.1885204405644,NA,1,NA,NA
2033-03-01,"prec",82.2318074112813,82.2318074112813,NA,1,NA,NA
2033-03-01,"tavg",27.3249039790074,27.3249039790074,NA,1,NA,NA
2033-04-01,"prec",165.433450788541,165.433450788541,NA,1,NA,NA
2033-04-01,"tavg",28.0887826385617,28.0887826385617,NA,1,NA,NA
2033-05-01,"prec",262.430047837663,262.430047837663,NA,1,NA,NA
2033-05-01,"tavg",29.2817490894083,29.2817490894083,NA,1,NA,NA
2033-06-01,"prec",407.46706253425,407.46706253425,NA,1,NA,NA
2033-06-01,"tavg",28.8631270301985,28.8631270301985,NA,1,NA,NA
2033-07-01,"prec",414.898160873604,414.898160873604,NA,1,NA,NA
2033-07-01,"tavg",28.1066504210225,28.1066504210225,NA,1,NA,NA
2033-08-01,"prec",310.408900765262,310.408900765262,NA,1,NA,NA
2033-08-01,"tavg",27.0557835909538,27.0557835909538,NA,1,NA,NA
2033-09-01,"prec",202.523774794613,202.523774794613,NA,1,NA,NA
2033-09-01,"tavg",25.5072963227941,25.5072963227941,NA,1,NA,NA
2033-10-01,"prec",86.6002490190601,86.6002490190601,NA,1,NA,NA
2033-10-01,"tavg",24.8359409262223,24.8359409262223,NA,1,NA,NA
2033-11-01,"prec",38.8853916519542,38.8853916519542,NA,1,NA,NA
2033-11-01,"tavg",23.9524118872961,23.9524118872961,NA,1,NA,NA
2033-12-01,"prec",32.824372103978,32.824372103978,NA,1,NA,NA
2033-12-01,"tavg",23.6333358260057,23.6333358260057,NA,1,NA,NA
2034-01-01,"prec",30.3192038653921,30.3192038653921,NA,1,NA,NA
2034-01-01,"tavg",24.8233811363449,24.8233811363449,NA,1,NA,NA
2034-02-01,"prec",56.0984743758949,56.0984743758949,NA,1,NA,NA
2034-02-01,"tavg",25.7417398581915,25.7417398581915,NA,1,NA,NA
2034-03-01,"prec",85.5386119856651,85.5386119856651,NA,1,NA,NA
2034-03-01,"tavg",27.5982103441568,27.5982103441568,NA,1,NA,NA
2034-04-01,"prec",174.729701171996,174.729701171996,NA,1,NA,NA
2034-04-01,"tavg",28.4516542408602,28.4516542408602,NA,1,NA,NA
2034-05-01,"prec",269.96391588948,269.96391588948,NA,1,NA,NA
2034-05-01,"tavg",29.2618154757993,29.2618154757993,NA,1,NA,NA
2034-06-01,"prec",385.425827924429,385.425827924429,NA,1,NA,NA
2034-06-01,"tavg",28.7068373438083,28.7068373438083,NA,1,NA,NA
2034-07-01,"prec",411.444095215687,411.444095215687,NA,1,NA,NA
2034-07-01,"tavg",28.0657663454557,28.0657663454557,NA,1,NA,NA
2034-08-01,"prec",344.612891066477,344.612891066477,NA,1,NA,NA
2034-08-01,"tavg",27.1170355513961,27.1170355513961,NA,1,NA,NA
2034-09-01,"prec",185.807697969226,185.807697969226,NA,1,NA,NA
2034-09-01,"tavg",25.327744866832,25.327744866832,NA,1,NA,NA
2034-10-01,"prec",100.264048064836,100.264048064836,NA,1,NA,NA
2034-10-01,"tavg",24.6036195304224,24.6036195304224,NA,1,NA,NA
2034-11-01,"prec",38.4596945887363,38.4596945887363,NA,1,NA,NA
2034-11-01,"tavg",23.8748117340952,23.8748117340952,NA,1,NA,NA
2034-12-01,"prec",33.9414758536035,33.9414758536035,NA,1,NA,NA
2034-12-01,"tavg",24.043644744195,24.043644744195,NA,1,NA,NA
2035-01-01,"prec",32.0518706697153,32.0518706697153,NA,1,NA,NA
2035-01-01,"tavg",25.1709487206769,25.1709487206769,NA,1,NA,NA
2035-02-01,"prec",56.5610080341666,56.5610080341666,NA,1,NA,NA
2035-02-01,"tavg",26.0316063517503,26.0316063517503,NA,1,NA,NA
2035-03-01,"prec",87.3595987152377,87.3595987152377,NA,1,NA,NA
2035-03-01,"tavg",27.3506733996648,27.3506733996648,NA,1,NA,NA
2035-04-01,"prec",174.029921738097,174.029921738097,NA,1,NA,NA
2035-04-01,"tavg",28.3388478243683,28.3388478243683,NA,1,NA,NA
2035-05-01,"prec",262.709632773402,262.709632773402,NA,1,NA,NA
2035-05-01,"tavg",29.243849999684,29.243849999684,NA,1,NA,NA
2035-06-01,"prec",410.118460201367,410.118460201367,NA,1,NA,NA
2035-06-01,"tavg",29.0465774237027,29.0465774237027,NA,1,NA,NA
2035-07-01,"prec",411.443695120881,411.443695120881,NA,1,NA,NA
2035-07-01,"tavg",27.9313279022909,27.9313279022909,NA,1,NA,NA
2035-08-01,"prec",343.56005820433,343.56005820433,NA,1,NA,NA
2035-08-01,"tavg",27.2800071477652,27.2800071477652,NA,1,NA,NA
2035-09-01,"prec",213.130047402656,213.130047402656,NA,1,NA,NA
2035-09-01,"tavg",25.6006514762869,25.6006514762869,NA,1,NA,NA
2035-10-01,"prec",97.0338658567897,97.0338658567897,NA,1,NA,NA
2035-10-01,"tavg",24.7777948606466,24.7777948606466,NA,1,NA,NA
2035-11-01,"prec",41.6525063070659,41.6525063070659,NA,1,NA,NA
2035-11-01,"tavg",23.8881832459858,23.8881832459858,NA,1,NA,NA
2035-12-01,"prec",31.7957187298611,31.7957187298611,NA,1,NA,NA
2035-12-01,"tavg",24.0130157111807,24.0130157111807,NA,1,NA,NA
2036-01-01,"prec",32.6390641578157,32.6390641578157,NA,1,NA,NA
2036-01-01,"tavg",24.8590050119794,24.8590050119794,NA,1,NA,NA
2036-02-01,"prec",55.898305108736,55.898305108736,NA,1,NA,NA
2036-02-01,"tavg",26.0411640956429,26.0411640956429,NA,1,NA,NA
2036-03-01,"prec",86.31960543853,86.31960543853,NA,1,NA,NA
2036-03-01,"tavg",27.6736450833208,27.6736450833208,NA,1,NA,NA
2036-04-01,"prec",174.529583305258,174.529583305258,NA,1,NA,NA
2036-04-01,"tavg",28.0842558707841,28.0842558707841,NA,1,NA,NA
2036-05-01,"prec",275.289102359436,275.289102359436,NA,1,NA,NA
2036-05-01,"tavg",29.2906297777407,29.2906297777407,NA,1,NA,NA
2036-06-01,"prec",428.952129121036,428.952129121036,NA,1,NA,NA
2036-06-01,"tavg",28.7473816095905,28.7473816095905,NA,1,NA,NA
2036-07-01,"prec",445.488636728625,445.488636728625,NA,1,NA,NA
2036-07-01,"tavg",28.1478820215526,28.1478820215526,NA,1,NA,NA
2036-08-01,"prec",345.235257886693,345.235257886693,NA,1,NA,NA
2036-08-01,"tavg",27.1547630949127,27.1547630949127,NA,1,NA,NA
2036-09-01,"prec",209.71383410024,209.71383410024,NA,1,NA,NA
2036-09-01,"tavg",25.5546166147988,25.5546166147988,NA,1,NA,NA
2036-10-01,"prec",99.4455040104899,99.4455040104899,NA,1,NA,NA
2036-10-01,"tavg",24.9754101175548,24.9754101175548,NA,1,NA,NA
2036-11-01,"prec",39.6219652358186,39.6219652358186,NA,1,NA,NA
2036-11-01,"tavg",24.1767963443416,24.1767963443416,NA,1,NA,NA
2036-12-01,"prec",33.3190725276553,33.3190725276553,NA,1,NA,NA
2036-12-01,"tavg",23.9694582896096,23.9694582896096,NA,1,NA,NA
2037-01-01,"prec",33.4833655775828,33.4833655775828,NA,1,NA,NA
2037-01-01,"tavg",25.1380851545001,25.1380851545001,NA,1,NA,NA
2037-02-01,"prec",55.1573376391337,55.1573376391337,NA,1,NA,NA
2037-02-01,"tavg",26.1101461594545,26.1101461594545,NA,1,NA,NA
2037-03-01,"prec",89.1274181815384,89.1274181815384,NA,1,NA,NA
2037-03-01,"tavg",27.7272222333811,27.7272222333811,NA,1,NA,NA
2037-04-01,"prec",178.064695414472,178.064695414472,NA,1,NA,NA
2037-04-01,"tavg",28.3585987865935,28.3585987865935,NA,1,NA,NA
2037-05-01,"prec",279.00785169895,279.00785169895,NA,1,NA,NA
2037-05-01,"tavg",29.4020473026256,29.4020473026256,NA,1,NA,NA
2037-06-01,"prec",407.58481680663,407.58481680663,NA,1,NA,NA
2037-06-01,"tavg",29.1477704977242,29.1477704977242,NA,1,NA,NA
2037-07-01,"prec",455.644974702565,455.644974702565,NA,1,NA,NA
2037-07-01,"tavg",28.2529012530679,28.2529012530679,NA,1,NA,NA
2037-08-01,"prec",335.498961732223,335.498961732223,NA,1,NA,NA
2037-08-01,"tavg",27.3463891778639,27.3463891778639,NA,1,NA,NA
2037-09-01,"prec",227.705067922224,227.705067922224,NA,1,NA,NA
2037-09-01,"tavg",25.6402205331033,25.6402205331033,NA,1,NA,NA
2037-10-01,"prec",105.734672167779,105.734672167779,NA,1,NA,NA
2037-10-01,"tavg",24.8901301089193,24.8901301089193,NA,1,NA,NA
2037-11-01,"prec",40.8525954006226,40.8525954006226,NA,1,NA,NA
2037-11-01,"tavg",24.2947300558904,24.2947300558904,NA,1,NA,NA
2037-12-01,"prec",33.5410387296071,33.5410387296071,NA,1,NA,NA
2037-12-01,"tavg",23.8629684388466,23.8629684388466,NA,1,NA,NA
2038-01-01,"prec",33.6657559611102,33.6657559611102,NA,1,NA,NA
2038-01-01,"tavg",25.0863609136847,25.0863609136847,NA,1,NA,NA
2038-02-01,"prec",58.4699711446298,58.4699711446298,NA,1,NA,NA
2038-02-01,"tavg",26.1316155755697,26.1316155755697,NA,1,NA,NA
2038-03-01,"prec",84.4925712476284,84.4925712476284,NA,1,NA,NA
2038-03-01,"tavg",27.9294773048726,27.9294773048726,NA,1,NA,NA
2038-04-01,"prec",178.426911656438,178.426911656438,NA,1,NA,NA
2038-04-01,"tavg",28.440156794072,28.440156794072,NA,1,NA,NA
2038-05-01,"prec",272.00239558256,272.00239558256,NA,1,NA,NA
2038-05-01,"tavg",29.6022790294921,29.6022790294921,NA,1,NA,NA
2038-06-01,"prec",422.929285762833,422.929285762833,NA,1,NA,NA
2038-06-01,"tavg",28.9894993636152,28.9894993636152,NA,1,NA,NA
2038-07-01,"prec",438.592950693778,438.592950693778,NA,1,NA,NA
2038-07-01,"tavg",28.5374828063259,28.5374828063259,NA,1,NA,NA
2038-08-01,"prec",374.762475740764,374.762475740764,NA,1,NA,NA
2038-08-01,"tavg",27.3843206302505,27.3843206302505,NA,1,NA,NA
2038-09-01,"prec",211.603758539322,211.603758539322,NA,1,NA,NA
2038-09-01,"tavg",25.6637176459083,25.6637176459083,NA,1,NA,NA
2038-10-01,"prec",95.9475597536522,95.9475597536522,NA,1,NA,NA
2038-10-01,"tavg",24.9513691738493,24.9513691738493,NA,1,NA,NA
2038-11-01,"prec",43.227249588337,43.227249588337,NA,1,NA,NA
2038-11-01,"tavg",24.1843121930945,24.1843121930945,NA,1,NA,NA
2038-12-01,"prec",31.1200647571249,31.1200647571249,NA,1,NA,NA
2038-12-01,"tavg",24.3560395238958,24.3560395238958,NA,1,NA,NA
2039-01-01,"prec",33.1722435440191,33.1722435440191,NA,1,NA,NA
2039-01-01,"tavg",25.0435584267579,25.0435584267579,NA,1,NA,NA
2039-02-01,"prec",59.1217087056677,59.1217087056677,NA,1,NA,NA
2039-02-01,"tavg",26.1355935516898,26.1355935516898,NA,1,NA,NA
2039-03-01,"prec",92.2050158093268,92.2050158093268,NA,1,NA,NA
2039-03-01,"tavg",27.7927834279507,27.7927834279507,NA,1,NA,NA
2039-04-01,"prec",177.913514545612,177.913514545612,NA,1,NA,NA
2039-04-01,"tavg",28.4958823498758,28.4958823498758,NA,1,NA,NA
2039-05-01,"prec",281.503196179968,281.503196179968,NA,1,NA,NA
2039-05-01,"tavg",29.5591614249251,29.5591614249251,NA,1,NA,NA
2039-06-01,"prec",410.636942749166,410.636942749166,NA,1,NA,NA
2039-06-01,"tavg",29.3029407327192,29.3029407327192,NA,1,NA,NA
2039-07-01,"prec",443.217390546707,443.217390546707,NA,1,NA,NA
2039-07-01,"tavg",28.5308795437653,28.5308795437653,NA,1,NA,NA
2039-08-01,"prec",357.40941338354,357.40941338354,NA,1,NA,NA
2039-08-01,"tavg",27.2335706402087,27.2335706402086,NA,1,NA,NA
2039-09-01,"prec",201.204050430937,201.204050430937,NA,1,NA,NA
2039-09-01,"tavg",26.0300556199173,26.0300556199173,NA,1,NA,NA
2039-10-01,"prec",95.5494977385758,95.5494977385758,NA,1,NA,NA
2039-10-01,"tavg",24.9960646591569,24.9960646591569,NA,1,NA,NA
2039-11-01,"prec",41.9838344644372,41.9838344644372,NA,1,NA,NA
2039-11-01,"tavg",24.4790115887224,24.4790115887224,NA,1,NA,NA
2039-12-01,"prec",36.4229791660428,36.4229791660428,NA,1,NA,NA
2039-12-01,"tavg",24.2659544590336,24.2659544590336,NA,1,NA,NA
2040-01-01,"prec",36.6337162969664,36.6337162969664,NA,1,NA,NA
2040-01-01,"tavg",25.0317414191548,25.0317414191548,NA,1,NA,NA
2040-02-01,"prec",57.012622216993,57.012622216993,NA,1,NA,NA
2040-02-01,"tavg",26.2118252517633,26.2118252517633,NA,1,NA,NA
2040-03-01,"prec",89.0382059875868,89.0382059875868,NA,1,NA,NA
2040-03-01,"tavg",27.9335352356479,27.9335352356479,NA,1,NA,NA
2040-04-01,"prec",178.832710914858,178.832710914858,NA,1,NA,NA
2040-04-01,"tavg",28.7488045491526,28.7488045491526,NA,1,NA,NA
2040-05-01,"prec",262.665469032502,262.665469032502,NA,1,NA,NA
2040-05-01,"tavg",29.8302576273061,29.8302576273061,NA,1,NA,NA
2040-06-01,"prec",384.059340495489,384.059340495489,NA,1,NA,NA
2040-06-01,"tavg",29.3475733210865,29.3475733210865,NA,1,NA,NA
2040-07-01,"prec",479.869099106845,479.869099106845,NA,1,NA,NA
2040-07-01,"tavg",28.6474168960078,28.6474168960078,NA,1,NA,NA
2040-08-01,"prec",337.58281600437,337.58281600437,NA,1,NA,NA
2040-08-01,"tavg",27.3909972836583,27.3909972836583,NA,1,NA,NA
2040-09-01,"prec",199.421386944156,199.421386944156,NA,1,NA,NA
2040-09-01,"tavg",25.893247657441,25.893247657441,NA,1,NA,NA
2040-10-01,"prec",93.2820507575155,93.2820507575155,NA,1,NA,NA
2040-10-01,"tavg",24.9573229300658,24.9573229300658,NA,1,NA,NA
2040-11-01,"prec",43.1351679042067,43.1351679042067,NA,1,NA,NA
2040-11-01,"tavg",24.4177197962348,24.4177197962348,NA,1,NA,NA
2040-12-01,"prec",37.0838039954735,37.0838039954735,NA,1,NA,NA
2040-12-01,"tavg",24.1869775368811,24.1869775368811,NA,1,NA,NA
2041-01-01,"prec",35.3262073439974,35.3262073439974,NA,1,NA,NA
2041-01-01,"tavg",25.1902497627688,25.1902497627688,NA,1,NA,NA
2041-02-01,"prec",59.621403566138,59.621403566138,NA,1,NA,NA
2041-02-01,"tavg",26.2246559226586,26.2246559226586,NA,1,NA,NA
2041-03-01,"prec",89.3441746070932,89.3441746070932,NA,1,NA,NA
2041-03-01,"tavg",28.0916392650032,28.0916392650032,NA,1,NA,NA
2041-04-01,"prec",177.886537367973,177.886537367973,NA,1,NA,NA
2041-04-01,"tavg",28.7077967988909,28.7077967988909,NA,1,NA,NA
2041-05-01,"prec",271.996036364617,271.996036364617,NA,1,NA,NA
2041-05-01,"tavg",29.4314220071821,29.4314220071821,NA,1,NA,NA
2041-06-01,"prec",425.114501221236,425.114501221236,NA,1,NA,NA
2041-06-01,"tavg",29.4309304394277,29.4309304394277,NA,1,NA,NA
2041-07-01,"prec",482.954718950521,482.954718950521,NA,1,NA,NA
2041-07-01,"tavg",28.8625943433543,28.8625943433543,NA,1,NA,NA
2041-08-01,"prec",331.38422282994,331.38422282994,NA,1,NA,NA
2041-08-01,"tavg",27.5814433071988,27.5814433071988,NA,1,NA,NA
2041-09-01,"prec",203.126388635178,203.126388635178,NA,1,NA,NA
2041-09-01,"tavg",25.9396848523253,25.9396848523253,NA,1,NA,NA
2041-10-01,"prec",104.386409137099,104.386409137099,NA,1,NA,NA
2041-10-01,"tavg",25.3080887766521,25.3080887766521,NA,1,NA,NA
2041-11-01,"prec",46.2065872238368,46.2065872238368,NA,1,NA,NA
2041-11-01,"tavg",24.546243339191,24.546243339191,NA,1,NA,NA
2041-12-01,"prec",34.686268606553,34.686268606553,NA,1,NA,NA
2041-12-01,"tavg",24.432129103581,24.432129103581,NA,1,NA,NA
2042-01-01,"prec",33.7199940253337,33.7199940253337,NA,1,NA,NA
2042-01-01,"tavg",25.4115399571093,25.4115399571093,NA,1,NA,NA
2042-02-01,"prec",60.1945889347063,60.1945889347063,NA,1,NA,NA
2042-02-01,"tavg",26.4716569525392,26.4716569525392,NA,1,NA,NA
2042-03-01,"prec",90.346273066625,90.346273066625,NA,1,NA,NA
2042-03-01,"tavg",28.0754611267872,28.0754611267872,NA,1,NA,NA
2042-04-01,"prec",179.543691681951,179.543691681951,NA,1,NA,NA
2042-04-01,"tavg",28.717239359411,28.717239359411,NA,1,NA,NA
2042-05-01,"prec",273.038325978523,273.038325978523,NA,1,NA,NA
2042-05-01,"tavg",29.5700222291701,29.5700222291701,NA,1,NA,NA
2042-06-01,"prec",437.763222236138,437.763222236138,NA,1,NA,NA
2042-06-01,"tavg",29.4342656225143,29.4342656225143,NA,1,NA,NA
2042-07-01,"prec",466.618180273692,466.618180273692,NA,1,NA,NA
2042-07-01,"tavg",28.2819936703669,28.2819936703669,NA,1,NA,NA
2042-08-01,"prec",373.567405708028,373.567405708028,NA,1,NA,NA
2042-08-01,"tavg",27.3093315517662,27.3093315517662,NA,1,NA,NA
2042-09-01,"prec",233.031705501414,233.031705501414,NA,1,NA,NA
2042-09-01,"tavg",25.790422069549,25.790422069549,NA,1,NA,NA
2042-10-01,"prec",91.5548884182899,91.5548884182899,NA,1,NA,NA
2042-10-01,"tavg",25.2309920335295,25.2309920335295,NA,1,NA,NA
2042-11-01,"prec",40.4080470409287,40.4080470409287,NA,1,NA,NA
2042-11-01,"tavg",24.3080984095469,24.3080984095469,NA,1,NA,NA
2042-12-01,"prec",37.4360489990665,37.4360489990665,NA,1,NA,NA
2042-12-01,"tavg",24.5193033796842,24.5193033796842,NA,1,NA,NA
2043-01-01,"prec",34.4059990098325,34.4059990098325,NA,1,NA,NA
2043-01-01,"tavg",25.3075016491858,25.3075016491858,NA,1,NA,NA
2043-02-01,"prec",60.26666348111,60.26666348111,NA,1,NA,NA
2043-02-01,"tavg",26.4113421460295,26.4113421460295,NA,1,NA,NA
2043-03-01,"prec",92.225574676205,92.225574676205,NA,1,NA,NA
2043-03-01,"tavg",27.9210560788394,27.9210560788394,NA,1,NA,NA
2043-04-01,"prec",187.237483603584,187.237483603584,NA,1,NA,NA
2043-04-01,"tavg",28.6755319692026,28.6755319692026,NA,1,NA,NA
2043-05-01,"prec",283.987835139278,283.987835139278,NA,1,NA,NA
2043-05-01,"tavg",29.8752337751007,29.8752337751007,NA,1,NA,NA
2043-06-01,"prec",423.663834930657,423.663834930657,NA,1,NA,NA
2043-06-01,"tavg",29.5988622559483,29.5988622559483,NA,1,NA,NA
2043-07-01,"prec",449.888375176112,449.888375176112,NA,1,NA,NA
2043-07-01,"tavg",28.6947611802909,28.6947611802909,NA,1,NA,NA
2043-08-01,"prec",375.419442568452,375.419442568452,NA,1,NA,NA
2043-08-01,"tavg",27.6984221031237,27.6984221031237,NA,1,NA,NA
2043-09-01,"prec",220.316889766751,220.316889766751,NA,1,NA,NA
2043-09-01,"tavg",25.8978263308699,25.8978263308699,NA,1,NA,NA
2043-10-01,"prec",93.2263852555698,93.2263852555698,NA,1,NA,NA
2043-10-01,"tavg",25.0132908471642,25.0132908471642,NA,1,NA,NA
2043-11-01,"prec",44.5118897515387,44.5118897515387,NA,1,NA,NA
2043-11-01,"tavg",24.1717746352711,24.1717746352711,NA,1,NA,NA
2043-12-01,"prec",36.2360057194893,36.2360057194893,NA,1,NA,NA
2043-12-01,"tavg",24.4622591551602,24.4622591551602,NA,1,NA,NA
2044-01-01,"prec",35.7886035055359,35.7886035055359,NA,1,NA,NA
2044-01-01,"tavg",25.371795708908,25.371795708908,NA,1,NA,NA
2044-02-01,"prec",59.6580497103894,59.6580497103894,NA,1,NA,NA
2044-02-01,"tavg",26.5373464964109,26.5373464964109,NA,1,NA,NA
2044-03-01,"prec",91.9857800641426,91.9857800641426,NA,1,NA,NA
2044-03-01,"tavg",28.0847793270386,28.0847793270386,NA,1,NA,NA
2044-04-01,"prec",189.166465340359,189.166465340359,NA,1,NA,NA
2044-04-01,"tavg",28.8386145351531,28.8386145351531,NA,1,NA,NA
2044-05-01,"prec",279.160526742082,279.160526742082,NA,1,NA,NA
2044-05-01,"tavg",29.7406147141112,29.7406147141112,NA,1,NA,NA
2044-06-01,"prec",452.725025188601,452.725025188601,NA,1,NA,NA
2044-06-01,"tavg",29.5003875442053,29.5003875442053,NA,1,NA,NA
2044-07-01,"prec",463.03866436306,463.03866436306,NA,1,NA,NA
2044-07-01,"tavg",28.7199549307118,28.7199549307118,NA,1,NA,NA
2044-08-01,"prec",356.925628581811,356.925628581811,NA,1,NA,NA
2044-08-01,"tavg",27.7751366644088,27.7751366644088,NA,1,NA,NA
2044-09-01,"prec",223.648915547694,223.648915547694,NA,1,NA,NA
2044-09-01,"tavg",26.17376020291,26.17376020291,NA,1,NA,NA
2044-10-01,"prec",107.670825501631,107.670825501631,NA,1,NA,NA
2044-10-01,"tavg",25.3890810180828,25.3890810180828,NA,1,NA,NA
2044-11-01,"prec",46.4228465686496,46.4228465686497,NA,1,NA,NA
2044-11-01,"tavg",24.7142159260045,24.7142159260045,NA,1,NA,NA
2044-12-01,"prec",36.1246329616398,36.1246329616398,NA,1,NA,NA
2044-12-01,"tavg",24.4709791641276,24.4709791641276,NA,1,NA,NA
2045-01-01,"prec",35.0648376792583,35.0648376792583,NA,1,NA,NA
2045-01-01,"tavg",25.4652396961972,25.4652396961972,NA,1,NA,NA
2045-02-01,"prec",61.0855045754381,61.0855045754381,NA,1,NA,NA
2045-02-01,"tavg",26.70140203449,26.70140203449,NA,1,NA,NA
2045-03-01,"prec",88.139479407968,88.139479407968,NA,1,NA,NA
2045-03-01,"tavg",28.1989449079781,28.1989449079781,NA,1,NA,NA
2045-04-01,"prec",182.527767341956,182.527767341956,NA,1,NA,NA
2045-04-01,"tavg",28.9602791373724,28.9602791373724,NA,1,NA,NA
2045-05-01,"prec",288.876343381198,288.876343381198,NA,1,NA,NA
2045-05-01,"tavg",29.8334841806989,29.8334841806989,NA,1,NA,NA
2045-06-01,"prec",425.431578432894,425.431578432894,NA,1,NA,NA
2045-06-01,"tavg",29.6638568669135,29.6638568669135,NA,1,NA,NA
2045-07-01,"prec",431.608038163063,431.608038163063,NA,1,NA,NA
2045-07-01,"tavg",28.5615958867582,28.5615958867582,NA,1,NA,NA
2045-08-01,"prec",358.493158353403,358.493158353403,NA,1,NA,NA
2045-08-01,"tavg",27.5991113113331,27.5991113113331,NA,1,NA,NA
2045-09-01,"prec",223.770403091987,223.770403091987,NA,1,NA,NA
2045-09-01,"tavg",26.1413735937606,26.1413735937606,NA,1,NA,NA
2045-10-01,"prec",104.735868941614,104.735868941614,NA,1,NA,NA
2045-10-01,"tavg",25.21760445293,25.21760445293,NA,1,NA,NA
2045-11-01,"prec",43.3960734278991,43.3960734278991,NA,1,NA,NA
2045-11-01,"tavg",24.6763505744962,24.6763505744962,NA,1,NA,NA
2045-12-01,"prec",35.4099797544179,35.4099797544179,NA,1,NA,NA
2045-12-01,"tavg",24.589976401652,24.589976401652,NA,1,NA,NA
2046-01-01,"prec",35.4696929367278,35.4696929367278,NA,1,NA,NA
2046-01-01,"tavg",25.5601087876903,25.5601087876903,NA,1,NA,NA
2046-02-01,"prec",62.4481940240742,62.4481940240742,NA,1,NA,NA
2046-02-01,"tavg",26.7070992072208,26.7070992072208,NA,1,NA,NA
2046-03-01,"prec",95.5939683903459,95.593968390346,NA,1,NA,NA
2046-03-01,"tavg",28.4667085454174,28.4667085454174,NA,1,NA,NA
2046-04-01,"prec",193.950440437395,193.950440437395,NA,1,NA,NA
2046-04-01,"tavg",28.8750345800134,28.8750345800134,NA,1,NA,NA
2046-05-01,"prec",285.732894002277,285.732894002277,NA,1,NA,NA
2046-05-01,"tavg",29.9170305825282,29.9170305825282,NA,1,NA,NA
2046-06-01,"prec",449.398937447486,449.398937447486,NA,1,NA,NA
2046-06-01,"tavg",29.639924552634,29.639924552634,NA,1,NA,NA
2046-07-01,"prec",463.812183145783,463.812183145783,NA,1,NA,NA
2046-07-01,"tavg",28.5937296143816,28.5937296143816,NA,1,NA,NA
2046-08-01,"prec",350.487946105247,350.487946105247,NA,1,NA,NA
2046-08-01,"tavg",27.8816989751053,27.8816989751053,NA,1,NA,NA
2046-09-01,"prec",215.555560953574,215.555560953574,NA,1,NA,NA
2046-09-01,"tavg",26.2635186537672,26.2635186537672,NA,1,NA,NA
2046-10-01,"prec",107.302646688754,107.302646688754,NA,1,NA,NA
2046-10-01,"tavg",25.2511008778844,25.2511008778844,NA,1,NA,NA
2046-11-01,"prec",45.4695022701893,45.4695022701893,NA,1,NA,NA
2046-11-01,"tavg",24.5752736287425,24.5752736287425,NA,1,NA,NA
2046-12-01,"prec",35.7966588464361,35.7966588464361,NA,1,NA,NA
2046-12-01,"tavg",24.4517495915337,24.4517495915337,NA,1,NA,NA
2047-01-01,"prec",36.7265241343752,36.7265241343752,NA,1,NA,NA
2047-01-01,"tavg",25.4544847723731,25.4544847723731,NA,1,NA,NA
2047-02-01,"prec",60.5345361440231,60.5345361440231,NA,1,NA,NA
2047-02-01,"tavg",26.9371514845418,26.9371514845418,NA,1,NA,NA
2047-03-01,"prec",93.003106904479,93.003106904479,NA,1,NA,NA
2047-03-01,"tavg",28.2035211256782,28.2035211256782,NA,1,NA,NA
2047-04-01,"prec",190.958700984611,190.958700984611,NA,1,NA,NA
2047-04-01,"tavg",29.1574993723321,29.1574993723321,NA,1,NA,NA
2047-05-01,"prec",287.364606048054,287.364606048054,NA,1,NA,NA
2047-05-01,"tavg",29.9321599406295,29.9321599406295,NA,1,NA,NA
2047-06-01,"prec",456.673108932807,456.673108932807,NA,1,NA,NA
2047-06-01,"tavg",29.6311786103412,29.6311786103412,NA,1,NA,NA
2047-07-01,"prec",490.056275196053,490.056275196053,NA,1,NA,NA
2047-07-01,"tavg",29.2348157553257,29.2348157553257,NA,1,NA,NA
2047-08-01,"prec",355.109511430417,355.109511430417,NA,1,NA,NA
2047-08-01,"tavg",27.8426204256619,27.8426204256619,NA,1,NA,NA
2047-09-01,"prec",221.58857912441,221.58857912441,NA,1,NA,NA
2047-09-01,"tavg",26.2698101265308,26.2698101265308,NA,1,NA,NA
2047-10-01,"prec",112.005250475088,112.005250475088,NA,1,NA,NA
2047-10-01,"tavg",25.4464398185004,25.4464398185004,NA,1,NA,NA
2047-11-01,"prec",45.6000372831328,45.6000372831328,NA,1,NA,NA
2047-11-01,"tavg",24.7809266918597,24.7809266918597,NA,1,NA,NA
2047-12-01,"prec",40.9855123939337,40.9855123939337,NA,1,NA,NA
2047-12-01,"tavg",24.5923387036321,24.5923387036321,NA,1,NA,NA
2048-01-01,"prec",37.3112814218508,37.3112814218508,NA,1,NA,NA
2048-01-01,"tavg",25.7087138319034,25.7087138319034,NA,1,NA,NA
2048-02-01,"prec",61.6273312694265,61.6273312694265,NA,1,NA,NA
2048-02-01,"tavg",26.5600880249064,26.5600880249064,NA,1,NA,NA
2048-03-01,"prec",94.6499461542645,94.6499461542645,NA,1,NA,NA
2048-03-01,"tavg",28.453420081597,28.453420081597,NA,1,NA,NA
2048-04-01,"prec",196.394118462027,196.394118462027,NA,1,NA,NA
2048-04-01,"tavg",29.093354790262,29.093354790262,NA,1,NA,NA
2048-05-01,"prec",299.399607879887,299.399607879887,NA,1,NA,NA
2048-05-01,"tavg",29.8881274346672,29.8881274346672,NA,1,NA,NA
2048-06-01,"prec",463.910227395168,463.910227395168,NA,1,NA,NA
2048-06-01,"tavg",29.6677748331139,29.6677748331139,NA,1,NA,NA
2048-07-01,"prec",523.402416442689,523.402416442689,NA,1,NA,NA
2048-07-01,"tavg",28.8620736857841,28.8620736857841,NA,1,NA,NA
2048-08-01,"prec",417.773520878797,417.773520878797,NA,1,NA,NA
2048-08-01,"tavg",27.7813046175441,27.7813046175441,NA,1,NA,NA
2048-09-01,"prec",220.507671028567,220.507671028567,NA,1,NA,NA
2048-09-01,"tavg",26.3209632213268,26.3209632213268,NA,1,NA,NA
2048-10-01,"prec",101.97165311859,101.97165311859,NA,1,NA,NA
2048-10-01,"tavg",25.4133650591375,25.4133650591375,NA,1,NA,NA
2048-11-01,"prec",48.5754412959278,48.5754412959278,NA,1,NA,NA
2048-11-01,"tavg",24.8479763007409,24.8479763007409,NA,1,NA,NA
2048-12-01,"prec",39.8426788916806,39.8426788916806,NA,1,NA,NA
2048-12-01,"tavg",24.6885225461379,24.6885225461379,NA,1,NA,NA
2049-01-01,"prec",38.0166949656863,38.0166949656863,NA,1,NA,NA
2049-01-01,"tavg",25.6641882278273,25.6641882278273,NA,1,NA,NA
2049-02-01,"prec",62.0040036573713,62.0040036573713,NA,1,NA,NA
2049-02-01,"tavg",26.9643665515777,26.9643665515777,NA,1,NA,NA
2049-03-01,"prec",95.2134464936545,95.2134464936545,NA,1,NA,NA
2049-03-01,"tavg",28.2764017356397,28.2764017356397,NA,1,NA,NA
2049-04-01,"prec",199.932313709382,199.932313709382,NA,1,NA,NA
2049-04-01,"tavg",29.1277490774353,29.1277490774353,NA,1,NA,NA
2049-05-01,"prec",301.190718717257,301.190718717257,NA,1,NA,NA
2049-05-01,"tavg",29.8953191068536,29.8953191068536,NA,1,NA,NA
2049-06-01,"prec",464.596950131979,464.596950131979,NA,1,NA,NA
2049-06-01,"tavg",30.0590682565961,30.0590682565961,NA,1,NA,NA
2049-07-01,"prec",474.693364303062,474.693364303062,NA,1,NA,NA
2049-07-01,"tavg",28.7190463678013,28.7190463678013,NA,1,NA,NA
2049-08-01,"prec",391.63874235561,391.63874235561,NA,1,NA,NA
2049-08-01,"tavg",28.0655423719538,28.0655423719538,NA,1,NA,NA
2049-09-01,"prec",213.314045832928,213.314045832928,NA,1,NA,NA
2049-09-01,"tavg",26.4571947644967,26.4571947644967,NA,1,NA,NA
2049-10-01,"prec",99.4072425444031,99.4072425444031,NA,1,NA,NA
2049-10-01,"tavg",25.8024520178412,25.8024520178412,NA,1,NA,NA
2049-11-01,"prec",49.5447631375258,49.5447631375258,NA,1,NA,NA
2049-11-01,"tavg",24.7995547109328,24.7995547109328,NA,1,NA,NA
2049-12-01,"prec",38.1624448670985,38.1624448670985,NA,1,NA,NA
2049-12-01,"tavg",24.7596635391465,24.7596635391465,NA,1,NA,NA
2050-01-01,"prec",36.3065904946267,36.3065904946267,NA,1,NA,NA
2050-01-01,"tavg",25.7275962159464,25.7275962159464,NA,1,NA,NA
2050-02-01,"prec",63.9923516668426,63.9923516668426,NA,1,NA,NA
2050-02-01,"tavg",26.6887084962333,26.6887084962333,NA,1,NA,NA
2050-03-01,"prec",94.6057957584249,94.6057957584249,NA,1,NA,NA
2050-03-01,"tavg",28.3537767184161,28.3537767184161,NA,1,NA,NA
2050-04-01,"prec",196.354908482403,196.354908482403,NA,1,NA,NA
2050-04-01,"tavg",29.261784946344,29.261784946344,NA,1,NA,NA
2050-05-01,"prec",293.577780653294,293.577780653294,NA,1,NA,NA
2050-05-01,"tavg",30.0938764826133,30.0938764826133,NA,1,NA,NA
2050-06-01,"prec",471.831685170809,471.831685170809,NA,1,NA,NA
2050-06-01,"tavg",29.686745101275,29.686745101275,NA,1,NA,NA
2050-07-01,"prec",522.442271037143,522.442271037143,NA,1,NA,NA
2050-07-01,"tavg",29.1035385722718,29.1035385722718,NA,1,NA,NA
2050-08-01,"prec",395.551289739058,395.551289739058,NA,1,NA,NA
2050-08-01,"tavg",28.0124518667097,28.0124518667097,NA,1,NA,NA
2050-09-01,"prec",232.084547741886,232.084547741886,NA,1,NA,NA
2050-09-01,"tavg",26.5544630203849,26.5544630203849,NA,1,NA,NA
2050-10-01,"prec",109.066679943256,109.066679943256,NA,1,NA,NA
2050-10-01,"tavg",25.5901241399,25.5901241399,NA,1,NA,NA
2050-11-01,"prec",47.3645123006924,47.3645123006924,NA,1,NA,NA
2050-11-01,"tavg",24.9851755905305,24.9851755905305,NA,1,NA,NA
2050-12-01,"prec",38.1557532521223,38.1557532521223,NA,1,NA,NA
2050-12-01,"tavg",24.9857144165318,24.9857144165318,NA,1,NA,NA
2051-01-01,"prec",37.6274668114775,37.6274668114775,NA,1,NA,NA
2051-01-01,"tavg",25.8457175588747,25.8457175588747,NA,1,NA,NA
2051-02-01,"prec",65.4589614912696,65.4589614912696,NA,1,NA,NA
2051-02-01,"tavg",26.9425580754619,26.9425580754619,NA,1,NA,NA
2051-03-01,"prec",99.1846740700339,99.1846740700339,NA,1,NA,NA
2051-03-01,"tavg",28.5908814482275,28.5908814482275,NA,1,NA,NA
2051-04-01,"prec",195.454999241995,195.454999241995,NA,1,NA,NA
2051-04-01,"tavg",29.1819773127671,29.1819773127671,NA,1,NA,NA
2051-05-01,"prec",311.276784325882,311.276784325882,NA,1,NA,NA
2051-05-01,"tavg",30.0846723341921,30.0846723341921,NA,1,NA,NA
2051-06-01,"prec",434.034552707045,434.034552707045,NA,1,NA,NA
2051-06-01,"tavg",29.953013559369,29.953013559369,NA,1,NA,NA
2051-07-01,"prec",471.097522328189,471.097522328189,NA,1,NA,NA
2051-07-01,"tavg",29.382181683323,29.382181683323,NA,1,NA,NA
2051-08-01,"prec",390.536824322176,390.536824322176,NA,1,NA,NA
2051-08-01,"tavg",28.0613260427288,28.0613260427288,NA,1,NA,NA
2051-09-01,"prec",226.993075635339,226.993075635339,NA,1,NA,NA
2051-09-01,"tavg",26.4427078562445,26.4427078562445,NA,1,NA,NA
2051-10-01,"prec",108.34097599994,108.34097599994,NA,1,NA,NA
2051-10-01,"tavg",25.6406886887541,25.6406886887541,NA,1,NA,NA
2051-11-01,"prec",49.9272930952925,49.9272930952925,NA,1,NA,NA
2051-11-01,"tavg",24.9750784778513,24.9750784778513,NA,1,NA,NA
2051-12-01,"prec",39.7005523955797,39.7005523955797,NA,1,NA,NA
2051-12-01,"tavg",24.8497879818361,24.8497879818361,NA,1,NA,NA
2052-01-01,"prec",38.8876232533592,38.8876232533592,NA,1,NA,NA
2052-01-01,"tavg",25.9473308188738,25.9473308188738,NA,1,NA,NA
2052-02-01,"prec",66.5031906280156,66.5031906280156,NA,1,NA,NA
2052-02-01,"tavg",26.9301434664912,26.9301434664912,NA,1,NA,NA
2052-03-01,"prec",99.4252502443296,99.4252502443296,NA,1,NA,NA
2052-03-01,"tavg",28.4153152674048,28.4153152674048,NA,1,NA,NA
2052-04-01,"prec",196.969601395322,196.969601395322,NA,1,NA,NA
2052-04-01,"tavg",29.2648070570346,29.2648070570346,NA,1,NA,NA
2052-05-01,"prec",308.581277009762,308.581277009762,NA,1,NA,NA
2052-05-01,"tavg",30.080386717981,30.080386717981,NA,1,NA,NA
2052-06-01,"prec",446.531945446523,446.531945446523,NA,1,NA,NA
2052-06-01,"tavg",29.9993924514872,29.9993924514872,NA,1,NA,NA
2052-07-01,"prec",531.266131598469,531.266131598469,NA,1,NA,NA
2052-07-01,"tavg",29.209021512149,29.209021512149,NA,1,NA,NA
2052-08-01,"prec",384.349583941275,384.349583941275,NA,1,NA,NA
2052-08-01,"tavg",28.1862484250532,28.1862484250532,NA,1,NA,NA
2052-09-01,"prec",224.518275719089,224.518275719089,NA,1,NA,NA
2052-09-01,"tavg",26.5562199105374,26.5562199105374,NA,1,NA,NA
2052-10-01,"prec",116.017120822013,116.017120822013,NA,1,NA,NA
2052-10-01,"tavg",25.6110370674959,25.6110370674959,NA,1,NA,NA
2052-11-01,"prec",50.2853210465632,50.2853210465632,NA,1,NA,NA
2052-11-01,"tavg",24.7695429304684,24.7695429304684,NA,1,NA,NA
2052-12-01,"prec",40.5370455436881,40.5370455436881,NA,1,NA,NA
2052-12-01,"tavg",25.1771091134162,25.1771091134162,NA,1,NA,NA
2053-01-01,"prec",37.5137515846962,37.5137515846962,NA,1,NA,NA
2053-01-01,"tavg",26.0901967868373,26.0901967868373,NA,1,NA,NA
2053-02-01,"prec",65.4502722653037,65.4502722653037,NA,1,NA,NA
2053-02-01,"tavg",26.9701836916933,26.9701836916933,NA,1,NA,NA
2053-03-01,"prec",99.345713063306,99.345713063306,NA,1,NA,NA
2053-03-01,"tavg",28.6978639173026,28.6978639173026,NA,1,NA,NA
2053-04-01,"prec",198.252604415254,198.252604415254,NA,1,NA,NA
2053-04-01,"tavg",29.2633840249321,29.2633840249321,NA,1,NA,NA
2053-05-01,"prec",310.781224746831,310.781224746831,NA,1,NA,NA
2053-05-01,"tavg",30.3761880870811,30.3761880870811,NA,1,NA,NA
2053-06-01,"prec",455.234006895423,455.234006895423,NA,1,NA,NA
2053-06-01,"tavg",29.9056154371894,29.9056154371894,NA,1,NA,NA
2053-07-01,"prec",541.06683638892,541.06683638892,NA,1,NA,NA
2053-07-01,"tavg",29.1837070049748,29.1837070049748,NA,1,NA,NA
2053-08-01,"prec",384.652188508847,384.652188508847,NA,1,NA,NA
2053-08-01,"tavg",28.0664651072269,28.0664651072269,NA,1,NA,NA
2053-09-01,"prec",228.463230114416,228.463230114416,NA,1,NA,NA
2053-09-01,"tavg",26.6448471836407,26.6448471836407,NA,1,NA,NA
2053-10-01,"prec",107.307041493279,107.307041493279,NA,1,NA,NA
2053-10-01,"tavg",25.6540020403478,25.6540020403478,NA,1,NA,NA
2053-11-01,"prec",49.6455772254892,49.6455772254892,NA,1,NA,NA
2053-11-01,"tavg",24.8549037544208,24.8549037544208,NA,1,NA,NA
2053-12-01,"prec",41.264456171376,41.264456171376,NA,1,NA,NA
2053-12-01,"tavg",25.1013819216795,25.1013819216795,NA,1,NA,NA
